CREATE DATABASE  IF NOT EXISTS `twdwebdb` /*!40100 DEFAULT CHARACTER SET utf8 */;
USE `twdwebdb`;
-- MySQL dump 10.13  Distrib 5.7.9, for Win64 (x86_64)
--
-- Host: localhost    Database: twdwebdb
-- ------------------------------------------------------
-- Server version	5.7.12-log

/*!40101 SET @OLD_CHARACTER_SET_CLIENT=@@CHARACTER_SET_CLIENT */;
/*!40101 SET @OLD_CHARACTER_SET_RESULTS=@@CHARACTER_SET_RESULTS */;
/*!40101 SET @OLD_COLLATION_CONNECTION=@@COLLATION_CONNECTION */;
/*!40101 SET NAMES utf8 */;
/*!40103 SET @OLD_TIME_ZONE=@@TIME_ZONE */;
/*!40103 SET TIME_ZONE='+00:00' */;
/*!40014 SET @OLD_UNIQUE_CHECKS=@@UNIQUE_CHECKS, UNIQUE_CHECKS=0 */;
/*!40014 SET @OLD_FOREIGN_KEY_CHECKS=@@FOREIGN_KEY_CHECKS, FOREIGN_KEY_CHECKS=0 */;
/*!40101 SET @OLD_SQL_MODE=@@SQL_MODE, SQL_MODE='NO_AUTO_VALUE_ON_ZERO' */;
/*!40111 SET @OLD_SQL_NOTES=@@SQL_NOTES, SQL_NOTES=0 */;

--
-- Table structure for table `activitylog`
--

DROP TABLE IF EXISTS `activitylog`;
/*!40101 SET @saved_cs_client     = @@character_set_client */;
/*!40101 SET character_set_client = utf8 */;
CREATE TABLE `activitylog` (
  `ActivityLogID` int(11) NOT NULL AUTO_INCREMENT,
  `UserID` int(11) NOT NULL,
  `DateTime` datetime NOT NULL,
  `ActivityName` longtext,
  `ActivityDescription` longtext,
  PRIMARY KEY (`ActivityLogID`),
  KEY `IX_UserID` (`UserID`) USING HASH,
  CONSTRAINT `FK_ActivityLog_User_UserID` FOREIGN KEY (`UserID`) REFERENCES `user` (`UserID`) ON DELETE CASCADE ON UPDATE CASCADE
) ENGINE=InnoDB DEFAULT CHARSET=utf8;
/*!40101 SET character_set_client = @saved_cs_client */;

--
-- Dumping data for table `activitylog`
--

LOCK TABLES `activitylog` WRITE;
/*!40000 ALTER TABLE `activitylog` DISABLE KEYS */;
/*!40000 ALTER TABLE `activitylog` ENABLE KEYS */;
UNLOCK TABLES;

--
-- Table structure for table `feature`
--

DROP TABLE IF EXISTS `feature`;
/*!40101 SET @saved_cs_client     = @@character_set_client */;
/*!40101 SET character_set_client = utf8 */;
CREATE TABLE `feature` (
  `FeatureID` int(11) NOT NULL,
  `FeatureName` longtext,
  `FeatureDescription` longtext,
  `FeatureGroup` longtext,
  `FeatureDataType` longtext,
  `TableName` longtext,
  `Model_ModelID` int(11) DEFAULT NULL,
  `RatioFeature_ID` int(11) DEFAULT NULL,
  PRIMARY KEY (`FeatureID`),
  KEY `IX_Model_ModelID` (`Model_ModelID`) USING HASH,
  KEY `IX_RatioFeature_ID` (`RatioFeature_ID`) USING HASH,
  CONSTRAINT `FK_Feature_Model_Model_ModelID` FOREIGN KEY (`Model_ModelID`) REFERENCES `model` (`ModelID`),
  CONSTRAINT `FK_Feature_RatioFeature_RatioFeature_ID` FOREIGN KEY (`RatioFeature_ID`) REFERENCES `ratiofeature` (`ID`)
) ENGINE=InnoDB DEFAULT CHARSET=utf8;
/*!40101 SET character_set_client = @saved_cs_client */;

--
-- Dumping data for table `feature`
--

LOCK TABLES `feature` WRITE;
/*!40000 ALTER TABLE `feature` DISABLE KEYS */;
INSERT INTO `feature` VALUES (1,'plant_and_machinery','Plant and Machinery','ASSETS','numeric','financialfact_ods',NULL,NULL),(2,'total_assets','Total Assets','ASSETS','numeric','financialfact_ods',NULL,NULL),(3,'trade_debtors','Trade Debtors','ASSETS','numeric','financialfact_ods',NULL,NULL),(4,'loans_from_outside_malaysia','Loans from related companies outside Mal','INTERCOMPANY','numeric','related_comp_fact_ods',NULL,NULL),(5,'total_purchase_outside_malaysi','','INTERCOMPANY','numeric','related_comp_fact_ods',NULL,NULL),(6,'other_payment_outside_malaysia','Other payments to related companies out Malaysia','INTERCOMPANY','numeric','related_comp_fact_ods',NULL,NULL),(7,'receipt_from_outside_malaysia','Receipt from related companies outside Msia','INTERCOMPANY','numeric','related_comp_fact_ods',NULL,NULL),(8,'total_sales_outside_malaysia','Total sales from related companies outside Malaysia','INTERCOMPANY','numeric','related_comp_fact_ods',NULL,NULL),(9,'promo_advert_expense','Advertising Expense','EXPENSE','numeric','financialfact_ods',NULL,NULL),(10,'cost_of_goods_sold','Cost of Sales or Cost of Goods Sold','EXPENSE','numeric','financialfact_ods',NULL,NULL),(11,'contract_subcon_expense','Contractor and Subcontractor Expense','INTERCOMPANY','numeric','financialfact_ods',NULL,NULL),(12,'loan_interest_expense','Loan Interest Expense','INTERCOMPANY','numeric','financialfact_ods',NULL,NULL),(13,'non_allow_expense','Non-allowable expenses','INTERCOMPANY','numeric','financialfact_ods',NULL,NULL),(14,'purchases','Purchases','EXPENSE','numeric','financialfact_ods',NULL,NULL),(15,'total_expenses','Total Business Expense','EXPENSE','numeric','financialfact_ods',NULL,NULL),(16,'opening_stock','Opening Stock','EXPENSE','numeric','financialfact_ods',NULL,NULL),(17,'production_cost','Production Cost','EXPENSE','numeric','financialfact_ods',NULL,NULL),(18,'gross_profit','Gross Profit or Loss','INCOME','numeric','financialfact_ods',NULL,NULL),(19,'gross_sales','Gross Sales','INCOME','numeric','financialfact_ods',NULL,NULL),(20,'net_profit_or_loss','Net Profit or Loss','INCOME','numeric','financialfact_ods',NULL,NULL),(21,'other_business_income','Other Business Income','INCOME','numeric','financialfact_ods',NULL,NULL),(22,'closing_stock','Closing Stock','INCOME','numeric','financialfact_ods',NULL,NULL),(23,'trade_creditors','Trade Creditors','LIABILITY','numeric','financialfact_ods',NULL,NULL),(24,'loan_from_director','Loan from Directors','LIABILITY','numeric','financialfact_ods',NULL,NULL),(25,'other_creditors','Other Creditors','LIABILITY','numeric','financialfact_ods',NULL,NULL),(26,'total_tax','Tax','LIABILITY','numeric','tax_assm_fact_ods',NULL,NULL),(27,'total_tax_liability','Tax Liability Balance (Owe / Refund)','LIABILITY','numeric','tax_assm_fact_ods',NULL,NULL),(28,'tax_payable_repayable','Total Tax Liability','LIABILITY','numeric','tax_assm_fact_ods',NULL,NULL),(29,'other_non_sales_income','Other non Business Income','INCOME','numeric','financialfact_ods',NULL,NULL),(30,'total_equity','Total Equity','INFORMATIONAL','numeric','financialfact_ods',NULL,NULL),(31,'total_income','Total Income','INFORMATIONAL','numeric','tax_assm_fact_ods',NULL,NULL),(32,'tax_exempted_income','Non-taxable profits','INCOME','numeric','financialfact_ods',NULL,NULL),(33,'interest_income','Interest Income','INCOME','numeric','income_fact_ods',NULL,NULL),(34,'dividend_income ','Dividends','INCOME','numeric','income_fact_ods',NULL,NULL),(35,'loans','','LIABILITY','numeric','financialfact_ods',NULL,NULL),(36,'total_current_liability','Total Current Liabilities','LIABILITY','numeric','financialfact_ods',NULL,NULL),(37,'stocks','Stocks','ASSETS','numeric','financialfact_ods',NULL,NULL),(38,'cap_fund_adv','Advances','LIABILITY','numeric','financialfact_ods',NULL,NULL),(39,'cap_fund_withdrawal','Drawings','LIABILITY','numeric','financialfact_ods',NULL,NULL),(40,'bad_debt','Bad Debt','EXPENSE','numeric','financialfact_ods',NULL,NULL),(41,'salary_and_wages','Employment Income (salary and wages)','INFORMATIONAL','numeric','income_fact_ods',NULL,NULL),(42,'cash_in_hand','Cash balance in hand and in bank','ASSET_RT','numeric','financialfact_ods',NULL,NULL),(43,'cash_in_bank','Cash balance in hand and in bank','ASSET_RT','numeric','financialfact_ods',NULL,NULL),(44,'total_investment','Investments','ASSET_RT','numeric','financialfact_ods',NULL,NULL),(45,'other_debtors','Other Debtors','ASSET_RT','numeric','financialfact_ods',NULL,NULL),(46,'total_fixed_assets','Total Fixed Assets','ASSET_RT','numeric','financialfact_ods',NULL,NULL),(47,'commission_expense','Commissions Expense','EXPENSE','numeric','financialfact_ods',NULL,NULL),(48,'other_expenses','Other Business Expense','EXPENSE','numeric','financialfact_ods',NULL,NULL),(49,'interest_business_income','Interest Income','EXT_INCOME','numeric','financialfact_ods',NULL,NULL),(50,'std_paid','Tax paid','TAX','numeric','tax_assm_fact_ods',NULL,NULL),(51,'std_from_spouse','Tax paid','TAX','numeric','tax_assm_fact_ods',NULL,NULL),(52,'chargeable_income','Chargeable Income','TAX','numeric','tax_assm_fact_ods',NULL,NULL),(53,'total_current_assets','Total Current Assets','ASSETS','numeric','financialfact_ods',NULL,NULL),(54,'rent_or_lease_expense','Lease Rental Expense','EXPENSE','numeric','financialfact_ods',NULL,NULL),(55,'royalty_expense','Royalties','EXPENSE','numeric','financialfact_ods',NULL,NULL),(56,'maint_expense','Repairs and Maintenance Expense','EXPENSE','numeric','financialfact_ods',NULL,NULL),(57,'travelling_expense','Travel Expense','EXPENSE','numeric','financialfact_ods',NULL,NULL),(58,'salary_expense','Wage Expense','EXPENSE','numeric','financialfact_ods',NULL,NULL),(59,'total_liabilities','Total Liabilities','LIABILITY','numeric','financialfact_ods',NULL,NULL),(60,'loan_to_director','Loan to Directors','INFORMATIONAL','numeric','financialfact_ods',NULL,NULL),(61,'total_purchase_in_malaysia','Total purchases fr rel companies in Msia','INFORMATIONAL','numeric','related_comp_fact_ods',NULL,NULL),(62,'state','State Name','DIMENSION','string','financialfact_ods',NULL,NULL),(63,'assessment_type','Assessment type','DIMENSION','numeric','financialfact_ods',NULL,NULL),(64,'assessment_year','Assessment year','DIMENSION','numeric','financialfact_ods',NULL,NULL),(65,'assessment_key','Assessment key','DIMENSION','numeric','financialfact_ods',NULL,NULL),(66,'branch_code','Branch code','DIMENSION','numeric','financialfact_ods',NULL,NULL),(67,'branch_key','Branch key','DIMENSION','numeric','financialfact_ods',NULL,NULL),(68,'taxpayer_key','Tax payer key','DIMENSION','numeric','financialfact_ods',NULL,NULL),(69,'business_key','Business key','DIMENSION','numeric','financialfact_ods',NULL,NULL),(70,'business_code','Business code','DIMENSION','numeric','financialfact_ods',NULL,NULL),(71,'it_ref_no_taxassm_dim','It ref no','DIMENSION','numeric','financialfact_ods',NULL,NULL),(72,'seq_no','Sequence no','DIMENSION','numeric','financialfact_ods',NULL,NULL),(73,'process_date','Process date','DIMENSION','numeric','financialfact_ods',NULL,NULL),(74,'snapshot_date','Snap shot date','DIMENSION','numeric','financialfact_ods',NULL,NULL),(75,'total_sales_in_malaysia','Total sales to related companies in Msia','INFORMATIONAL','numeric','related_comp_fact_ods',NULL,NULL),(76,'main_business_code','Industry Code','CODE','numeric','financialfact_ods',NULL,NULL),(77,'r_d_expense','Research and Development Expense','EXPENSE','numeric','financialfact_ods',NULL,NULL),(78,'other_current_liability','Other current liabilities','LIABILITY','numeric','financialfact_ods',NULL,NULL),(79,'total_equity_liability','Total equity liabilities','LIABILITY','numeric','financialfact_ods',NULL,NULL),(80,'capital_allow_claim','Capital Allowance',NULL,'numeric','bus_inc_fact_ods',NULL,NULL),(81,'commission','Total Commissions ','EXPENSE','numeric','financialfact_ods',NULL,NULL),(82,'aggr_stat_bus_inc','Aggregate Statutory Income',NULL,'numeric','income_fact_ods',NULL,NULL),(83,'long_term_liability','Long Term Liabilities',NULL,'numeric','financialfact_ods',NULL,NULL),(84,'total_claim','Total Incentive Claims',NULL,'numeric','tax_assm_fact_ods',NULL,NULL),(85,'state_cd','State Code','DIMENSION','numeric','financialfact_ods',NULL,NULL);
/*!40000 ALTER TABLE `feature` ENABLE KEYS */;
UNLOCK TABLES;

--
-- Table structure for table `job`
--

DROP TABLE IF EXISTS `job`;
/*!40101 SET @saved_cs_client     = @@character_set_client */;
/*!40101 SET character_set_client = utf8 */;
CREATE TABLE `job` (
  `JobID` int(11) NOT NULL AUTO_INCREMENT,
  `JobName` longtext,
  `JobStatus` longtext,
  `JobType` longtext,
  `JobParams` longtext,
  `Profile_ProfileID` int(11) DEFAULT NULL,
  PRIMARY KEY (`JobID`),
  KEY `IX_Profile_ProfileID` (`Profile_ProfileID`) USING HASH,
  CONSTRAINT `FK_Job_Profile_Profile_ProfileID` FOREIGN KEY (`Profile_ProfileID`) REFERENCES `profile` (`ProfileID`)
) ENGINE=InnoDB AUTO_INCREMENT=7 DEFAULT CHARSET=utf8;
/*!40101 SET character_set_client = @saved_cs_client */;

--
-- Dumping data for table `job`
--

LOCK TABLES `job` WRITE;
/*!40000 ALTER TABLE `job` DISABLE KEYS */;
INSERT INTO `job` VALUES (1,NULL,'Sending To Spark','Spark','{\"ODSQuery\":\"SELECT financialfact_ods.trade_debtors,financialfact_ods.branch_code,financialfact_ods.purchases,financialfact_ods.total_expenses,financialfact_ods.gross_profit,financialfact_ods.loan_to_director,financialfact_ods.trade_creditors,financialfact_ods.gross_sales,financialfact_ods.net_profit_or_loss,financialfact_ods.other_non_sales_income,related_comp_fact_ods.receipt_from_outside_malaysia,financialfact_ods.tax_exempted_income,financialfact_ods.total_current_assets,tax_assm_fact_ods.tax_payable_repayable,financialfact_ods.total_current_liability,financialfact_ods.loan_to_director,related_comp_fact_ods.total_purchase_in_malaysia,related_comp_fact_ods.total_purchase_outside_malaysi,financialfact_ods.total_sales_in_malaysia,financialfact_ods.main_business_code,financialfact_ods.state,financialfact_ods.loan_from_director FROM financialfact_ods JOIN related_comp_fact_ods ON financialfact_ods.branch_key = related_comp_fact_ods.branch_key AND financialfact_ods.taxpayer_key = related_comp_fact_ods.taxpayer_key AND financialfact_ods.business_key = related_comp_fact_ods.business_key AND financialfact_ods.assessment_key = related_comp_fact_ods.assessment_key JOIN tax_assm_fact_ods ON financialfact_ods.branch_key = tax_assm_fact_ods.branch_key AND financialfact_ods.taxpayer_key = tax_assm_fact_ods.taxpayer_key AND financialfact_ods.business_key = tax_assm_fact_ods.business_key AND financialfact_ods.assessment_key = tax_assm_fact_ods.assessment_key WHERE financialfact_ods.assessment_year = 2017 AND financialfact_ods.file_type = \\u0027C\\u0027 AND financialfact_ods.branch_code = 14 AND financialfact_ods.gross_sales \\u003e 1000000 AND financialfact_ods.main_business_code = 25999\",\"ProfileID\":1,\"ModelID\":5,\"JobID\":1,\"Ratios\":[{\"RatioID\":1,\"RatioName\":\"RT_EXP_GS\",\"Propotional\":1,\"Features\":[{\"FeatureID\":15,\"FeatureName\":\"total_expenses\",\"FeatureDescription\":\"Total Business Expense\",\"FeatureGroup\":\"EXPENSE\",\"FeatureDataType\":\"numeric\",\"TableName\":\"financialfact_ods\"},{\"FeatureID\":19,\"FeatureName\":\"gross_sales\",\"FeatureDescription\":\"Gross Sales\",\"FeatureGroup\":\"INCOME\",\"FeatureDataType\":\"numeric\",\"TableName\":\"financialfact_ods\"}]},{\"RatioID\":2,\"RatioName\":\"RT_GP_EXP\",\"Propotional\":0,\"Features\":[{\"FeatureID\":18,\"FeatureName\":\"gross_profit\",\"FeatureDescription\":\"Gross Profit or Loss\",\"FeatureGroup\":\"INCOME\",\"FeatureDataType\":\"numeric\",\"TableName\":\"financialfact_ods\"},{\"FeatureID\":15,\"FeatureName\":\"total_expenses\",\"FeatureDescription\":\"Total Business Expense\",\"FeatureGroup\":\"EXPENSE\",\"FeatureDataType\":\"numeric\",\"TableName\":\"financialfact_ods\"}]},{\"RatioID\":3,\"RatioName\":\"RT_GP_GS\",\"Propotional\":0,\"Features\":[{\"FeatureID\":18,\"FeatureName\":\"gross_profit\",\"FeatureDescription\":\"Gross Profit or Loss\",\"FeatureGroup\":\"INCOME\",\"FeatureDataType\":\"numeric\",\"TableName\":\"financialfact_ods\"},{\"FeatureID\":19,\"FeatureName\":\"gross_sales\",\"FeatureDescription\":\"Gross Sales\",\"FeatureGroup\":\"INCOME\",\"FeatureDataType\":\"numeric\",\"TableName\":\"financialfact_ods\"}]},{\"RatioID\":5,\"RatioName\":\"RT_NP_GS\",\"Propotional\":0,\"Features\":[{\"FeatureID\":20,\"FeatureName\":\"net_profit_or_loss\",\"FeatureDescription\":\"Net Profit or Loss\",\"FeatureGroup\":\"INCOME\",\"FeatureDataType\":\"numeric\",\"TableName\":\"financialfact_ods\"},{\"FeatureID\":19,\"FeatureName\":\"gross_sales\",\"FeatureDescription\":\"Gross Sales\",\"FeatureGroup\":\"INCOME\",\"FeatureDataType\":\"numeric\",\"TableName\":\"financialfact_ods\"}]},{\"RatioID\":10,\"RatioName\":\"RT_TRCRT_PUR\",\"Propotional\":1,\"Features\":[{\"FeatureID\":23,\"FeatureName\":\"trade_creditors\",\"FeatureDescription\":\"Trade Creditors\",\"FeatureGroup\":\"LIABILITY\",\"FeatureDataType\":\"numeric\",\"TableName\":\"financialfact_ods\"},{\"FeatureID\":14,\"FeatureName\":\"purchases\",\"FeatureDescription\":\"Purchases\",\"FeatureGroup\":\"EXPENSE\",\"FeatureDataType\":\"numeric\",\"TableName\":\"financialfact_ods\"}]},{\"RatioID\":11,\"RatioName\":\"RT_TRDR_GS\",\"Propotional\":1,\"Features\":[{\"FeatureID\":3,\"FeatureName\":\"trade_debtors\",\"FeatureDescription\":\"Trade Debtors\",\"FeatureGroup\":\"ASSETS\",\"FeatureDataType\":\"numeric\",\"TableName\":\"financialfact_ods\"},{\"FeatureID\":19,\"FeatureName\":\"gross_sales\",\"FeatureDescription\":\"Gross Sales\",\"FeatureGroup\":\"INCOME\",\"FeatureDataType\":\"numeric\",\"TableName\":\"financialfact_ods\"}]},{\"RatioID\":12,\"RatioName\":\"RT_PUR_GS\",\"Propotional\":1,\"Features\":[{\"FeatureID\":14,\"FeatureName\":\"purchases\",\"FeatureDescription\":\"Purchases\",\"FeatureGroup\":\"EXPENSE\",\"FeatureDataType\":\"numeric\",\"TableName\":\"financialfact_ods\"},{\"FeatureID\":19,\"FeatureName\":\"gross_sales\",\"FeatureDescription\":\"Gross Sales\",\"FeatureGroup\":\"INCOME\",\"FeatureDataType\":\"numeric\",\"TableName\":\"financialfact_ods\"}]},{\"RatioID\":13,\"RatioName\":\"INC_OPPT_B1\",\"Propotional\":1,\"Features\":[{\"FeatureID\":20,\"FeatureName\":\"net_profit_or_loss\",\"FeatureDescription\":\"Net Profit or Loss\",\"FeatureGroup\":\"INCOME\",\"FeatureDataType\":\"numeric\",\"TableName\":\"financialfact_ods\"},{\"FeatureID\":29,\"FeatureName\":\"other_non_sales_income\",\"FeatureDescription\":\"Other non Business Income\",\"FeatureGroup\":\"INCOME\",\"FeatureDataType\":\"numeric\",\"TableName\":\"financialfact_ods\"}]},{\"RatioID\":16,\"RatioName\":\"RT_LNFRDR_GS\",\"Propotional\":0,\"Features\":[{\"FeatureID\":24,\"FeatureName\":\"loan_from_director\",\"FeatureDescription\":\"Loan from Directors\",\"FeatureGroup\":\"LIABILITY\",\"FeatureDataType\":\"numeric\",\"TableName\":\"financialfact_ods\"},{\"FeatureID\":19,\"FeatureName\":\"gross_sales\",\"FeatureDescription\":\"Gross Sales\",\"FeatureGroup\":\"INCOME\",\"FeatureDataType\":\"numeric\",\"TableName\":\"financialfact_ods\"}]},{\"RatioID\":19,\"RatioName\":\"RT_LN_INT_EXP\",\"Propotional\":1,\"Features\":[{\"FeatureID\":24,\"FeatureName\":\"loan_from_director\",\"FeatureDescription\":\"Loan from Directors\",\"FeatureGroup\":\"LIABILITY\",\"FeatureDataType\":\"numeric\",\"TableName\":\"financialfact_ods\"},{\"FeatureID\":19,\"FeatureName\":\"gross_sales\",\"FeatureDescription\":\"Gross Sales\",\"FeatureGroup\":\"INCOME\",\"FeatureDataType\":\"numeric\",\"TableName\":\"financialfact_ods\"}]},{\"RatioID\":20,\"RatioName\":\"RT_PUR_IN_MSIA\",\"Propotional\":1,\"Features\":[{\"FeatureID\":61,\"FeatureName\":\"total_purchase_in_malaysia\",\"FeatureDescription\":\"Total purchases fr rel companies in Msia\",\"FeatureGroup\":\"INFORMATIONAL\",\"FeatureDataType\":\"numeric\",\"TableName\":\"related_comp_fact_ods\"},{\"FeatureID\":14,\"FeatureName\":\"purchases\",\"FeatureDescription\":\"Purchases\",\"FeatureGroup\":\"EXPENSE\",\"FeatureDataType\":\"numeric\",\"TableName\":\"financialfact_ods\"}]},{\"RatioID\":21,\"RatioName\":\"RT_PUR_OUT_M\",\"Propotional\":1,\"Features\":[{\"FeatureID\":5,\"FeatureName\":\"total_purchase_outside_malaysi\",\"FeatureDescription\":\"\",\"FeatureGroup\":\"INTERCOMPANY\",\"FeatureDataType\":\"numeric\",\"TableName\":\"related_comp_fact_ods\"},{\"FeatureID\":14,\"FeatureName\":\"purchases\",\"FeatureDescription\":\"Purchases\",\"FeatureGroup\":\"EXPENSE\",\"FeatureDataType\":\"numeric\",\"TableName\":\"financialfact_ods\"}]},{\"RatioID\":22,\"RatioName\":\"RT_REL_SALE_OUT_MSIA\",\"Propotional\":1,\"Features\":[{\"FeatureID\":7,\"FeatureName\":\"receipt_from_outside_malaysia\",\"FeatureDescription\":\"Receipt from related companies outside Msia\",\"FeatureGroup\":\"INTERCOMPANY\",\"FeatureDataType\":\"numeric\",\"TableName\":\"related_comp_fact_ods\"},{\"FeatureID\":19,\"FeatureName\":\"gross_sales\",\"FeatureDescription\":\"Gross Sales\",\"FeatureGroup\":\"INCOME\",\"FeatureDataType\":\"numeric\",\"TableName\":\"financialfact_ods\"}]},{\"RatioID\":23,\"RatioName\":\"RT_REL_SALE_IN_MSIA\",\"Propotional\":1,\"Features\":[{\"FeatureID\":75,\"FeatureName\":\"total_sales_in_malaysia\",\"FeatureDescription\":\"Total sales to related companies in Msia\",\"FeatureGroup\":\"INFORMATIONAL\",\"FeatureDataType\":\"numeric\",\"TableName\":\"financialfact_ods\"},{\"FeatureID\":19,\"FeatureName\":\"gross_sales\",\"FeatureDescription\":\"Gross Sales\",\"FeatureGroup\":\"INCOME\",\"FeatureDataType\":\"numeric\",\"TableName\":\"financialfact_ods\"}]}],\"Features\":[{\"FeatureID\":3,\"FeatureName\":\"trade_debtors\",\"FeatureDescription\":\"Trade Debtors\",\"FeatureGroup\":\"ASSETS\",\"FeatureDataType\":\"numeric\",\"TableName\":\"financialfact_ods\"},{\"FeatureID\":66,\"FeatureName\":\"branch_code\",\"FeatureDescription\":\"Branch code\",\"FeatureGroup\":\"DIMENSION\",\"FeatureDataType\":\"numeric\",\"TableName\":\"financialfact_ods\"},{\"FeatureID\":14,\"FeatureName\":\"purchases\",\"FeatureDescription\":\"Purchases\",\"FeatureGroup\":\"EXPENSE\",\"FeatureDataType\":\"numeric\",\"TableName\":\"financialfact_ods\"},{\"FeatureID\":15,\"FeatureName\":\"total_expenses\",\"FeatureDescription\":\"Total Business Expense\",\"FeatureGroup\":\"EXPENSE\",\"FeatureDataType\":\"numeric\",\"TableName\":\"financialfact_ods\"},{\"FeatureID\":18,\"FeatureName\":\"gross_profit\",\"FeatureDescription\":\"Gross Profit or Loss\",\"FeatureGroup\":\"INCOME\",\"FeatureDataType\":\"numeric\",\"TableName\":\"financialfact_ods\"},{\"FeatureID\":60,\"FeatureName\":\"loan_to_director\",\"FeatureDescription\":\"Loan to Directors\",\"FeatureGroup\":\"INFORMATIONAL\",\"FeatureDataType\":\"numeric\",\"TableName\":\"financialfact_ods\"},{\"FeatureID\":23,\"FeatureName\":\"trade_creditors\",\"FeatureDescription\":\"Trade Creditors\",\"FeatureGroup\":\"LIABILITY\",\"FeatureDataType\":\"numeric\",\"TableName\":\"financialfact_ods\"},{\"FeatureID\":19,\"FeatureName\":\"gross_sales\",\"FeatureDescription\":\"Gross Sales\",\"FeatureGroup\":\"INCOME\",\"FeatureDataType\":\"numeric\",\"TableName\":\"financialfact_ods\"},{\"FeatureID\":20,\"FeatureName\":\"net_profit_or_loss\",\"FeatureDescription\":\"Net Profit or Loss\",\"FeatureGroup\":\"INCOME\",\"FeatureDataType\":\"numeric\",\"TableName\":\"financialfact_ods\"},{\"FeatureID\":29,\"FeatureName\":\"other_non_sales_income\",\"FeatureDescription\":\"Other non Business Income\",\"FeatureGroup\":\"INCOME\",\"FeatureDataType\":\"numeric\",\"TableName\":\"financialfact_ods\"},{\"FeatureID\":7,\"FeatureName\":\"receipt_from_outside_malaysia\",\"FeatureDescription\":\"Receipt from related companies outside Msia\",\"FeatureGroup\":\"INTERCOMPANY\",\"FeatureDataType\":\"numeric\",\"TableName\":\"related_comp_fact_ods\"},{\"FeatureID\":32,\"FeatureName\":\"tax_exempted_income\",\"FeatureDescription\":\"Non-taxable profits\",\"FeatureGroup\":\"INCOME\",\"FeatureDataType\":\"numeric\",\"TableName\":\"financialfact_ods\"},{\"FeatureID\":53,\"FeatureName\":\"total_current_assets\",\"FeatureDescription\":\"Total Current Assets\",\"FeatureGroup\":\"ASSETS\",\"FeatureDataType\":\"numeric\",\"TableName\":\"financialfact_ods\"},{\"FeatureID\":28,\"FeatureName\":\"tax_payable_repayable\",\"FeatureDescription\":\"Total Tax Liability\",\"FeatureGroup\":\"LIABILITY\",\"FeatureDataType\":\"numeric\",\"TableName\":\"tax_assm_fact_ods\"},{\"FeatureID\":36,\"FeatureName\":\"total_current_liability\",\"FeatureDescription\":\"Total Current Liabilities\",\"FeatureGroup\":\"LIABILITY\",\"FeatureDataType\":\"numeric\",\"TableName\":\"financialfact_ods\"},{\"FeatureID\":60,\"FeatureName\":\"loan_to_director\",\"FeatureDescription\":\"Loan to Directors\",\"FeatureGroup\":\"INFORMATIONAL\",\"FeatureDataType\":\"numeric\",\"TableName\":\"financialfact_ods\"},{\"FeatureID\":61,\"FeatureName\":\"total_purchase_in_malaysia\",\"FeatureDescription\":\"Total purchases fr rel companies in Msia\",\"FeatureGroup\":\"INFORMATIONAL\",\"FeatureDataType\":\"numeric\",\"TableName\":\"related_comp_fact_ods\"},{\"FeatureID\":5,\"FeatureName\":\"total_purchase_outside_malaysi\",\"FeatureDescription\":\"\",\"FeatureGroup\":\"INTERCOMPANY\",\"FeatureDataType\":\"numeric\",\"TableName\":\"related_comp_fact_ods\"},{\"FeatureID\":75,\"FeatureName\":\"total_sales_in_malaysia\",\"FeatureDescription\":\"Total sales to related companies in Msia\",\"FeatureGroup\":\"INFORMATIONAL\",\"FeatureDataType\":\"numeric\",\"TableName\":\"financialfact_ods\"},{\"FeatureID\":76,\"FeatureName\":\"main_business_code\",\"FeatureDescription\":\"Industry Code\",\"FeatureGroup\":\"CODE\",\"FeatureDataType\":\"numeric\",\"TableName\":\"financialfact_ods\"},{\"FeatureID\":62,\"FeatureName\":\"state\",\"FeatureDescription\":\"State Code\",\"FeatureGroup\":\"CODE\",\"FeatureDataType\":\"string\",\"TableName\":\"financialfact_ods\"},{\"FeatureID\":24,\"FeatureName\":\"loan_from_director\",\"FeatureDescription\":\"Loan from Directors\",\"FeatureGroup\":\"LIABILITY\",\"FeatureDataType\":\"numeric\",\"TableName\":\"financialfact_ods\"}]}',1),(2,NULL,'Sending To Spark','Spark','{\"ODSQuery\":\"SELECT financialfact_ods.trade_debtors,financialfact_ods.branch_code,financialfact_ods.purchases,financialfact_ods.total_expenses,financialfact_ods.gross_profit,financialfact_ods.loan_to_director,financialfact_ods.trade_creditors,financialfact_ods.gross_sales,financialfact_ods.net_profit_or_loss,financialfact_ods.other_non_sales_income,related_comp_fact_ods.receipt_from_outside_malaysia,financialfact_ods.tax_exempted_income,financialfact_ods.total_current_assets,tax_assm_fact_ods.tax_payable_repayable,financialfact_ods.total_current_liability,financialfact_ods.loan_to_director,related_comp_fact_ods.total_purchase_in_malaysia,related_comp_fact_ods.total_purchase_outside_malaysi,financialfact_ods.total_sales_in_malaysia,financialfact_ods.main_business_code,financialfact_ods.state,financialfact_ods.loan_from_director FROM financialfact_ods JOIN related_comp_fact_ods ON financialfact_ods.branch_key = related_comp_fact_ods.branch_key AND financialfact_ods.taxpayer_key = related_comp_fact_ods.taxpayer_key AND financialfact_ods.business_key = related_comp_fact_ods.business_key AND financialfact_ods.assessment_key = related_comp_fact_ods.assessment_key JOIN tax_assm_fact_ods ON financialfact_ods.branch_key = tax_assm_fact_ods.branch_key AND financialfact_ods.taxpayer_key = tax_assm_fact_ods.taxpayer_key AND financialfact_ods.business_key = tax_assm_fact_ods.business_key AND financialfact_ods.assessment_key = tax_assm_fact_ods.assessment_key WHERE financialfact_ods.assessment_year = 2017 AND financialfact_ods.file_type = \\u0027C\\u0027 AND financialfact_ods.branch_code = 14 AND financialfact_ods.gross_sales \\u003e= 100000 AND financialfact_ods.main_business_code = 25999\",\"ProfileID\":2,\"ModelID\":5,\"JobID\":2,\"Ratios\":[{\"RatioID\":1,\"RatioName\":\"RT_EXP_GS\",\"Propotional\":1,\"Features\":[{\"FeatureID\":15,\"FeatureName\":\"total_expenses\",\"FeatureDescription\":\"Total Business Expense\",\"FeatureGroup\":\"EXPENSE\",\"FeatureDataType\":\"numeric\",\"TableName\":\"financialfact_ods\"},{\"FeatureID\":19,\"FeatureName\":\"gross_sales\",\"FeatureDescription\":\"Gross Sales\",\"FeatureGroup\":\"INCOME\",\"FeatureDataType\":\"numeric\",\"TableName\":\"financialfact_ods\"}]},{\"RatioID\":2,\"RatioName\":\"RT_GP_EXP\",\"Propotional\":0,\"Features\":[{\"FeatureID\":18,\"FeatureName\":\"gross_profit\",\"FeatureDescription\":\"Gross Profit or Loss\",\"FeatureGroup\":\"INCOME\",\"FeatureDataType\":\"numeric\",\"TableName\":\"financialfact_ods\"},{\"FeatureID\":15,\"FeatureName\":\"total_expenses\",\"FeatureDescription\":\"Total Business Expense\",\"FeatureGroup\":\"EXPENSE\",\"FeatureDataType\":\"numeric\",\"TableName\":\"financialfact_ods\"}]},{\"RatioID\":3,\"RatioName\":\"RT_GP_GS\",\"Propotional\":0,\"Features\":[{\"FeatureID\":18,\"FeatureName\":\"gross_profit\",\"FeatureDescription\":\"Gross Profit or Loss\",\"FeatureGroup\":\"INCOME\",\"FeatureDataType\":\"numeric\",\"TableName\":\"financialfact_ods\"},{\"FeatureID\":19,\"FeatureName\":\"gross_sales\",\"FeatureDescription\":\"Gross Sales\",\"FeatureGroup\":\"INCOME\",\"FeatureDataType\":\"numeric\",\"TableName\":\"financialfact_ods\"}]},{\"RatioID\":5,\"RatioName\":\"RT_NP_GS\",\"Propotional\":0,\"Features\":[{\"FeatureID\":20,\"FeatureName\":\"net_profit_or_loss\",\"FeatureDescription\":\"Net Profit or Loss\",\"FeatureGroup\":\"INCOME\",\"FeatureDataType\":\"numeric\",\"TableName\":\"financialfact_ods\"},{\"FeatureID\":19,\"FeatureName\":\"gross_sales\",\"FeatureDescription\":\"Gross Sales\",\"FeatureGroup\":\"INCOME\",\"FeatureDataType\":\"numeric\",\"TableName\":\"financialfact_ods\"}]},{\"RatioID\":10,\"RatioName\":\"RT_TRCRT_PUR\",\"Propotional\":1,\"Features\":[{\"FeatureID\":23,\"FeatureName\":\"trade_creditors\",\"FeatureDescription\":\"Trade Creditors\",\"FeatureGroup\":\"LIABILITY\",\"FeatureDataType\":\"numeric\",\"TableName\":\"financialfact_ods\"},{\"FeatureID\":14,\"FeatureName\":\"purchases\",\"FeatureDescription\":\"Purchases\",\"FeatureGroup\":\"EXPENSE\",\"FeatureDataType\":\"numeric\",\"TableName\":\"financialfact_ods\"}]},{\"RatioID\":11,\"RatioName\":\"RT_TRDR_GS\",\"Propotional\":1,\"Features\":[{\"FeatureID\":3,\"FeatureName\":\"trade_debtors\",\"FeatureDescription\":\"Trade Debtors\",\"FeatureGroup\":\"ASSETS\",\"FeatureDataType\":\"numeric\",\"TableName\":\"financialfact_ods\"},{\"FeatureID\":19,\"FeatureName\":\"gross_sales\",\"FeatureDescription\":\"Gross Sales\",\"FeatureGroup\":\"INCOME\",\"FeatureDataType\":\"numeric\",\"TableName\":\"financialfact_ods\"}]},{\"RatioID\":12,\"RatioName\":\"RT_PUR_GS\",\"Propotional\":1,\"Features\":[{\"FeatureID\":14,\"FeatureName\":\"purchases\",\"FeatureDescription\":\"Purchases\",\"FeatureGroup\":\"EXPENSE\",\"FeatureDataType\":\"numeric\",\"TableName\":\"financialfact_ods\"},{\"FeatureID\":19,\"FeatureName\":\"gross_sales\",\"FeatureDescription\":\"Gross Sales\",\"FeatureGroup\":\"INCOME\",\"FeatureDataType\":\"numeric\",\"TableName\":\"financialfact_ods\"}]},{\"RatioID\":13,\"RatioName\":\"INC_OPPT_B1\",\"Propotional\":1,\"Features\":[{\"FeatureID\":20,\"FeatureName\":\"net_profit_or_loss\",\"FeatureDescription\":\"Net Profit or Loss\",\"FeatureGroup\":\"INCOME\",\"FeatureDataType\":\"numeric\",\"TableName\":\"financialfact_ods\"},{\"FeatureID\":29,\"FeatureName\":\"other_non_sales_income\",\"FeatureDescription\":\"Other non Business Income\",\"FeatureGroup\":\"INCOME\",\"FeatureDataType\":\"numeric\",\"TableName\":\"financialfact_ods\"}]},{\"RatioID\":16,\"RatioName\":\"RT_LNFRDR_GS\",\"Propotional\":0,\"Features\":[{\"FeatureID\":24,\"FeatureName\":\"loan_from_director\",\"FeatureDescription\":\"Loan from Directors\",\"FeatureGroup\":\"LIABILITY\",\"FeatureDataType\":\"numeric\",\"TableName\":\"financialfact_ods\"},{\"FeatureID\":19,\"FeatureName\":\"gross_sales\",\"FeatureDescription\":\"Gross Sales\",\"FeatureGroup\":\"INCOME\",\"FeatureDataType\":\"numeric\",\"TableName\":\"financialfact_ods\"}]},{\"RatioID\":19,\"RatioName\":\"RT_LN_INT_EXP\",\"Propotional\":1,\"Features\":[{\"FeatureID\":24,\"FeatureName\":\"loan_from_director\",\"FeatureDescription\":\"Loan from Directors\",\"FeatureGroup\":\"LIABILITY\",\"FeatureDataType\":\"numeric\",\"TableName\":\"financialfact_ods\"},{\"FeatureID\":19,\"FeatureName\":\"gross_sales\",\"FeatureDescription\":\"Gross Sales\",\"FeatureGroup\":\"INCOME\",\"FeatureDataType\":\"numeric\",\"TableName\":\"financialfact_ods\"}]},{\"RatioID\":20,\"RatioName\":\"RT_PUR_IN_MSIA\",\"Propotional\":1,\"Features\":[{\"FeatureID\":61,\"FeatureName\":\"total_purchase_in_malaysia\",\"FeatureDescription\":\"Total purchases fr rel companies in Msia\",\"FeatureGroup\":\"INFORMATIONAL\",\"FeatureDataType\":\"numeric\",\"TableName\":\"related_comp_fact_ods\"},{\"FeatureID\":14,\"FeatureName\":\"purchases\",\"FeatureDescription\":\"Purchases\",\"FeatureGroup\":\"EXPENSE\",\"FeatureDataType\":\"numeric\",\"TableName\":\"financialfact_ods\"}]},{\"RatioID\":21,\"RatioName\":\"RT_PUR_OUT_M\",\"Propotional\":1,\"Features\":[{\"FeatureID\":5,\"FeatureName\":\"total_purchase_outside_malaysi\",\"FeatureDescription\":\"\",\"FeatureGroup\":\"INTERCOMPANY\",\"FeatureDataType\":\"numeric\",\"TableName\":\"related_comp_fact_ods\"},{\"FeatureID\":14,\"FeatureName\":\"purchases\",\"FeatureDescription\":\"Purchases\",\"FeatureGroup\":\"EXPENSE\",\"FeatureDataType\":\"numeric\",\"TableName\":\"financialfact_ods\"}]},{\"RatioID\":22,\"RatioName\":\"RT_REL_SALE_OUT_MSIA\",\"Propotional\":1,\"Features\":[{\"FeatureID\":7,\"FeatureName\":\"receipt_from_outside_malaysia\",\"FeatureDescription\":\"Receipt from related companies outside Msia\",\"FeatureGroup\":\"INTERCOMPANY\",\"FeatureDataType\":\"numeric\",\"TableName\":\"related_comp_fact_ods\"},{\"FeatureID\":19,\"FeatureName\":\"gross_sales\",\"FeatureDescription\":\"Gross Sales\",\"FeatureGroup\":\"INCOME\",\"FeatureDataType\":\"numeric\",\"TableName\":\"financialfact_ods\"}]},{\"RatioID\":23,\"RatioName\":\"RT_REL_SALE_IN_MSIA\",\"Propotional\":1,\"Features\":[{\"FeatureID\":75,\"FeatureName\":\"total_sales_in_malaysia\",\"FeatureDescription\":\"Total sales to related companies in Msia\",\"FeatureGroup\":\"INFORMATIONAL\",\"FeatureDataType\":\"numeric\",\"TableName\":\"financialfact_ods\"},{\"FeatureID\":19,\"FeatureName\":\"gross_sales\",\"FeatureDescription\":\"Gross Sales\",\"FeatureGroup\":\"INCOME\",\"FeatureDataType\":\"numeric\",\"TableName\":\"financialfact_ods\"}]}],\"Features\":[{\"FeatureID\":3,\"FeatureName\":\"trade_debtors\",\"FeatureDescription\":\"Trade Debtors\",\"FeatureGroup\":\"ASSETS\",\"FeatureDataType\":\"numeric\",\"TableName\":\"financialfact_ods\"},{\"FeatureID\":66,\"FeatureName\":\"branch_code\",\"FeatureDescription\":\"Branch code\",\"FeatureGroup\":\"DIMENSION\",\"FeatureDataType\":\"numeric\",\"TableName\":\"financialfact_ods\"},{\"FeatureID\":14,\"FeatureName\":\"purchases\",\"FeatureDescription\":\"Purchases\",\"FeatureGroup\":\"EXPENSE\",\"FeatureDataType\":\"numeric\",\"TableName\":\"financialfact_ods\"},{\"FeatureID\":15,\"FeatureName\":\"total_expenses\",\"FeatureDescription\":\"Total Business Expense\",\"FeatureGroup\":\"EXPENSE\",\"FeatureDataType\":\"numeric\",\"TableName\":\"financialfact_ods\"},{\"FeatureID\":18,\"FeatureName\":\"gross_profit\",\"FeatureDescription\":\"Gross Profit or Loss\",\"FeatureGroup\":\"INCOME\",\"FeatureDataType\":\"numeric\",\"TableName\":\"financialfact_ods\"},{\"FeatureID\":60,\"FeatureName\":\"loan_to_director\",\"FeatureDescription\":\"Loan to Directors\",\"FeatureGroup\":\"INFORMATIONAL\",\"FeatureDataType\":\"numeric\",\"TableName\":\"financialfact_ods\"},{\"FeatureID\":23,\"FeatureName\":\"trade_creditors\",\"FeatureDescription\":\"Trade Creditors\",\"FeatureGroup\":\"LIABILITY\",\"FeatureDataType\":\"numeric\",\"TableName\":\"financialfact_ods\"},{\"FeatureID\":19,\"FeatureName\":\"gross_sales\",\"FeatureDescription\":\"Gross Sales\",\"FeatureGroup\":\"INCOME\",\"FeatureDataType\":\"numeric\",\"TableName\":\"financialfact_ods\"},{\"FeatureID\":20,\"FeatureName\":\"net_profit_or_loss\",\"FeatureDescription\":\"Net Profit or Loss\",\"FeatureGroup\":\"INCOME\",\"FeatureDataType\":\"numeric\",\"TableName\":\"financialfact_ods\"},{\"FeatureID\":29,\"FeatureName\":\"other_non_sales_income\",\"FeatureDescription\":\"Other non Business Income\",\"FeatureGroup\":\"INCOME\",\"FeatureDataType\":\"numeric\",\"TableName\":\"financialfact_ods\"},{\"FeatureID\":7,\"FeatureName\":\"receipt_from_outside_malaysia\",\"FeatureDescription\":\"Receipt from related companies outside Msia\",\"FeatureGroup\":\"INTERCOMPANY\",\"FeatureDataType\":\"numeric\",\"TableName\":\"related_comp_fact_ods\"},{\"FeatureID\":32,\"FeatureName\":\"tax_exempted_income\",\"FeatureDescription\":\"Non-taxable profits\",\"FeatureGroup\":\"INCOME\",\"FeatureDataType\":\"numeric\",\"TableName\":\"financialfact_ods\"},{\"FeatureID\":53,\"FeatureName\":\"total_current_assets\",\"FeatureDescription\":\"Total Current Assets\",\"FeatureGroup\":\"ASSETS\",\"FeatureDataType\":\"numeric\",\"TableName\":\"financialfact_ods\"},{\"FeatureID\":28,\"FeatureName\":\"tax_payable_repayable\",\"FeatureDescription\":\"Total Tax Liability\",\"FeatureGroup\":\"LIABILITY\",\"FeatureDataType\":\"numeric\",\"TableName\":\"tax_assm_fact_ods\"},{\"FeatureID\":36,\"FeatureName\":\"total_current_liability\",\"FeatureDescription\":\"Total Current Liabilities\",\"FeatureGroup\":\"LIABILITY\",\"FeatureDataType\":\"numeric\",\"TableName\":\"financialfact_ods\"},{\"FeatureID\":60,\"FeatureName\":\"loan_to_director\",\"FeatureDescription\":\"Loan to Directors\",\"FeatureGroup\":\"INFORMATIONAL\",\"FeatureDataType\":\"numeric\",\"TableName\":\"financialfact_ods\"},{\"FeatureID\":61,\"FeatureName\":\"total_purchase_in_malaysia\",\"FeatureDescription\":\"Total purchases fr rel companies in Msia\",\"FeatureGroup\":\"INFORMATIONAL\",\"FeatureDataType\":\"numeric\",\"TableName\":\"related_comp_fact_ods\"},{\"FeatureID\":5,\"FeatureName\":\"total_purchase_outside_malaysi\",\"FeatureDescription\":\"\",\"FeatureGroup\":\"INTERCOMPANY\",\"FeatureDataType\":\"numeric\",\"TableName\":\"related_comp_fact_ods\"},{\"FeatureID\":75,\"FeatureName\":\"total_sales_in_malaysia\",\"FeatureDescription\":\"Total sales to related companies in Msia\",\"FeatureGroup\":\"INFORMATIONAL\",\"FeatureDataType\":\"numeric\",\"TableName\":\"financialfact_ods\"},{\"FeatureID\":76,\"FeatureName\":\"main_business_code\",\"FeatureDescription\":\"Industry Code\",\"FeatureGroup\":\"CODE\",\"FeatureDataType\":\"numeric\",\"TableName\":\"financialfact_ods\"},{\"FeatureID\":62,\"FeatureName\":\"state\",\"FeatureDescription\":\"State Code\",\"FeatureGroup\":\"CODE\",\"FeatureDataType\":\"string\",\"TableName\":\"financialfact_ods\"},{\"FeatureID\":24,\"FeatureName\":\"loan_from_director\",\"FeatureDescription\":\"Loan from Directors\",\"FeatureGroup\":\"LIABILITY\",\"FeatureDataType\":\"numeric\",\"TableName\":\"financialfact_ods\"}]}',2),(3,NULL,'Failed','Spark','{\"ODSQuery\":\"SELECT financialfact_ods.trade_debtors,financialfact_ods.branch_code,financialfact_ods.purchases,financialfact_ods.total_expenses,financialfact_ods.gross_profit,financialfact_ods.loan_to_director,financialfact_ods.trade_creditors,financialfact_ods.gross_sales,financialfact_ods.net_profit_or_loss,financialfact_ods.other_non_sales_income,related_comp_fact_ods.receipt_from_outside_malaysia,financialfact_ods.tax_exempted_income,financialfact_ods.total_current_assets,tax_assm_fact_ods.tax_payable_repayable,financialfact_ods.total_current_liability,financialfact_ods.loan_to_director,related_comp_fact_ods.total_purchase_in_malaysia,related_comp_fact_ods.total_purchase_outside_malaysi,financialfact_ods.total_sales_in_malaysia,financialfact_ods.main_business_code,financialfact_ods.state,financialfact_ods.loan_from_director FROM financialfact_ods JOIN related_comp_fact_ods ON financialfact_ods.branch_key = related_comp_fact_ods.branch_key AND financialfact_ods.taxpayer_key = related_comp_fact_ods.taxpayer_key AND financialfact_ods.business_key = related_comp_fact_ods.business_key AND financialfact_ods.assessment_key = related_comp_fact_ods.assessment_key JOIN tax_assm_fact_ods ON financialfact_ods.branch_key = tax_assm_fact_ods.branch_key AND financialfact_ods.taxpayer_key = tax_assm_fact_ods.taxpayer_key AND financialfact_ods.business_key = tax_assm_fact_ods.business_key AND financialfact_ods.assessment_key = tax_assm_fact_ods.assessment_key WHERE financialfact_ods.assessment_year = 2017 AND financialfact_ods.file_type = \\u0027C\\u0027 AND financialfact_ods.branch_code = 14 AND financialfact_ods.gross_sales \\u003e= 100000 AND financialfact_ods.main_business_code = 25999\",\"ProfileID\":3,\"ModelID\":5,\"JobID\":3,\"Ratios\":[{\"RatioID\":1,\"RatioName\":\"RT_EXP_GS\",\"Propotional\":1,\"Features\":[{\"FeatureID\":15,\"FeatureName\":\"total_expenses\",\"FeatureDescription\":\"Total Business Expense\",\"FeatureGroup\":\"EXPENSE\",\"FeatureDataType\":\"numeric\",\"TableName\":\"financialfact_ods\"},{\"FeatureID\":19,\"FeatureName\":\"gross_sales\",\"FeatureDescription\":\"Gross Sales\",\"FeatureGroup\":\"INCOME\",\"FeatureDataType\":\"numeric\",\"TableName\":\"financialfact_ods\"}]},{\"RatioID\":2,\"RatioName\":\"RT_GP_EXP\",\"Propotional\":0,\"Features\":[{\"FeatureID\":18,\"FeatureName\":\"gross_profit\",\"FeatureDescription\":\"Gross Profit or Loss\",\"FeatureGroup\":\"INCOME\",\"FeatureDataType\":\"numeric\",\"TableName\":\"financialfact_ods\"},{\"FeatureID\":15,\"FeatureName\":\"total_expenses\",\"FeatureDescription\":\"Total Business Expense\",\"FeatureGroup\":\"EXPENSE\",\"FeatureDataType\":\"numeric\",\"TableName\":\"financialfact_ods\"}]},{\"RatioID\":3,\"RatioName\":\"RT_GP_GS\",\"Propotional\":0,\"Features\":[{\"FeatureID\":18,\"FeatureName\":\"gross_profit\",\"FeatureDescription\":\"Gross Profit or Loss\",\"FeatureGroup\":\"INCOME\",\"FeatureDataType\":\"numeric\",\"TableName\":\"financialfact_ods\"},{\"FeatureID\":19,\"FeatureName\":\"gross_sales\",\"FeatureDescription\":\"Gross Sales\",\"FeatureGroup\":\"INCOME\",\"FeatureDataType\":\"numeric\",\"TableName\":\"financialfact_ods\"}]},{\"RatioID\":5,\"RatioName\":\"RT_NP_GS\",\"Propotional\":0,\"Features\":[{\"FeatureID\":20,\"FeatureName\":\"net_profit_or_loss\",\"FeatureDescription\":\"Net Profit or Loss\",\"FeatureGroup\":\"INCOME\",\"FeatureDataType\":\"numeric\",\"TableName\":\"financialfact_ods\"},{\"FeatureID\":19,\"FeatureName\":\"gross_sales\",\"FeatureDescription\":\"Gross Sales\",\"FeatureGroup\":\"INCOME\",\"FeatureDataType\":\"numeric\",\"TableName\":\"financialfact_ods\"}]},{\"RatioID\":10,\"RatioName\":\"RT_TRCRT_PUR\",\"Propotional\":1,\"Features\":[{\"FeatureID\":23,\"FeatureName\":\"trade_creditors\",\"FeatureDescription\":\"Trade Creditors\",\"FeatureGroup\":\"LIABILITY\",\"FeatureDataType\":\"numeric\",\"TableName\":\"financialfact_ods\"},{\"FeatureID\":14,\"FeatureName\":\"purchases\",\"FeatureDescription\":\"Purchases\",\"FeatureGroup\":\"EXPENSE\",\"FeatureDataType\":\"numeric\",\"TableName\":\"financialfact_ods\"}]},{\"RatioID\":11,\"RatioName\":\"RT_TRDR_GS\",\"Propotional\":1,\"Features\":[{\"FeatureID\":3,\"FeatureName\":\"trade_debtors\",\"FeatureDescription\":\"Trade Debtors\",\"FeatureGroup\":\"ASSETS\",\"FeatureDataType\":\"numeric\",\"TableName\":\"financialfact_ods\"},{\"FeatureID\":19,\"FeatureName\":\"gross_sales\",\"FeatureDescription\":\"Gross Sales\",\"FeatureGroup\":\"INCOME\",\"FeatureDataType\":\"numeric\",\"TableName\":\"financialfact_ods\"}]},{\"RatioID\":12,\"RatioName\":\"RT_PUR_GS\",\"Propotional\":1,\"Features\":[{\"FeatureID\":14,\"FeatureName\":\"purchases\",\"FeatureDescription\":\"Purchases\",\"FeatureGroup\":\"EXPENSE\",\"FeatureDataType\":\"numeric\",\"TableName\":\"financialfact_ods\"},{\"FeatureID\":19,\"FeatureName\":\"gross_sales\",\"FeatureDescription\":\"Gross Sales\",\"FeatureGroup\":\"INCOME\",\"FeatureDataType\":\"numeric\",\"TableName\":\"financialfact_ods\"}]},{\"RatioID\":13,\"RatioName\":\"INC_OPPT_B1\",\"Propotional\":1,\"Features\":[{\"FeatureID\":20,\"FeatureName\":\"net_profit_or_loss\",\"FeatureDescription\":\"Net Profit or Loss\",\"FeatureGroup\":\"INCOME\",\"FeatureDataType\":\"numeric\",\"TableName\":\"financialfact_ods\"},{\"FeatureID\":29,\"FeatureName\":\"other_non_sales_income\",\"FeatureDescription\":\"Other non Business Income\",\"FeatureGroup\":\"INCOME\",\"FeatureDataType\":\"numeric\",\"TableName\":\"financialfact_ods\"}]},{\"RatioID\":16,\"RatioName\":\"RT_LNFRDR_GS\",\"Propotional\":0,\"Features\":[{\"FeatureID\":24,\"FeatureName\":\"loan_from_director\",\"FeatureDescription\":\"Loan from Directors\",\"FeatureGroup\":\"LIABILITY\",\"FeatureDataType\":\"numeric\",\"TableName\":\"financialfact_ods\"},{\"FeatureID\":19,\"FeatureName\":\"gross_sales\",\"FeatureDescription\":\"Gross Sales\",\"FeatureGroup\":\"INCOME\",\"FeatureDataType\":\"numeric\",\"TableName\":\"financialfact_ods\"}]},{\"RatioID\":19,\"RatioName\":\"RT_LN_INT_EXP\",\"Propotional\":1,\"Features\":[{\"FeatureID\":24,\"FeatureName\":\"loan_from_director\",\"FeatureDescription\":\"Loan from Directors\",\"FeatureGroup\":\"LIABILITY\",\"FeatureDataType\":\"numeric\",\"TableName\":\"financialfact_ods\"},{\"FeatureID\":19,\"FeatureName\":\"gross_sales\",\"FeatureDescription\":\"Gross Sales\",\"FeatureGroup\":\"INCOME\",\"FeatureDataType\":\"numeric\",\"TableName\":\"financialfact_ods\"}]},{\"RatioID\":20,\"RatioName\":\"RT_PUR_IN_MSIA\",\"Propotional\":1,\"Features\":[{\"FeatureID\":61,\"FeatureName\":\"total_purchase_in_malaysia\",\"FeatureDescription\":\"Total purchases fr rel companies in Msia\",\"FeatureGroup\":\"INFORMATIONAL\",\"FeatureDataType\":\"numeric\",\"TableName\":\"related_comp_fact_ods\"},{\"FeatureID\":14,\"FeatureName\":\"purchases\",\"FeatureDescription\":\"Purchases\",\"FeatureGroup\":\"EXPENSE\",\"FeatureDataType\":\"numeric\",\"TableName\":\"financialfact_ods\"}]},{\"RatioID\":21,\"RatioName\":\"RT_PUR_OUT_M\",\"Propotional\":1,\"Features\":[{\"FeatureID\":5,\"FeatureName\":\"total_purchase_outside_malaysi\",\"FeatureDescription\":\"\",\"FeatureGroup\":\"INTERCOMPANY\",\"FeatureDataType\":\"numeric\",\"TableName\":\"related_comp_fact_ods\"},{\"FeatureID\":14,\"FeatureName\":\"purchases\",\"FeatureDescription\":\"Purchases\",\"FeatureGroup\":\"EXPENSE\",\"FeatureDataType\":\"numeric\",\"TableName\":\"financialfact_ods\"}]},{\"RatioID\":22,\"RatioName\":\"RT_REL_SALE_OUT_MSIA\",\"Propotional\":1,\"Features\":[{\"FeatureID\":7,\"FeatureName\":\"receipt_from_outside_malaysia\",\"FeatureDescription\":\"Receipt from related companies outside Msia\",\"FeatureGroup\":\"INTERCOMPANY\",\"FeatureDataType\":\"numeric\",\"TableName\":\"related_comp_fact_ods\"},{\"FeatureID\":19,\"FeatureName\":\"gross_sales\",\"FeatureDescription\":\"Gross Sales\",\"FeatureGroup\":\"INCOME\",\"FeatureDataType\":\"numeric\",\"TableName\":\"financialfact_ods\"}]},{\"RatioID\":23,\"RatioName\":\"RT_REL_SALE_IN_MSIA\",\"Propotional\":1,\"Features\":[{\"FeatureID\":75,\"FeatureName\":\"total_sales_in_malaysia\",\"FeatureDescription\":\"Total sales to related companies in Msia\",\"FeatureGroup\":\"INFORMATIONAL\",\"FeatureDataType\":\"numeric\",\"TableName\":\"financialfact_ods\"},{\"FeatureID\":19,\"FeatureName\":\"gross_sales\",\"FeatureDescription\":\"Gross Sales\",\"FeatureGroup\":\"INCOME\",\"FeatureDataType\":\"numeric\",\"TableName\":\"financialfact_ods\"}]}],\"Features\":[{\"FeatureID\":3,\"FeatureName\":\"trade_debtors\",\"FeatureDescription\":\"Trade Debtors\",\"FeatureGroup\":\"ASSETS\",\"FeatureDataType\":\"numeric\",\"TableName\":\"financialfact_ods\"},{\"FeatureID\":66,\"FeatureName\":\"branch_code\",\"FeatureDescription\":\"Branch code\",\"FeatureGroup\":\"DIMENSION\",\"FeatureDataType\":\"numeric\",\"TableName\":\"financialfact_ods\"},{\"FeatureID\":14,\"FeatureName\":\"purchases\",\"FeatureDescription\":\"Purchases\",\"FeatureGroup\":\"EXPENSE\",\"FeatureDataType\":\"numeric\",\"TableName\":\"financialfact_ods\"},{\"FeatureID\":15,\"FeatureName\":\"total_expenses\",\"FeatureDescription\":\"Total Business Expense\",\"FeatureGroup\":\"EXPENSE\",\"FeatureDataType\":\"numeric\",\"TableName\":\"financialfact_ods\"},{\"FeatureID\":18,\"FeatureName\":\"gross_profit\",\"FeatureDescription\":\"Gross Profit or Loss\",\"FeatureGroup\":\"INCOME\",\"FeatureDataType\":\"numeric\",\"TableName\":\"financialfact_ods\"},{\"FeatureID\":60,\"FeatureName\":\"loan_to_director\",\"FeatureDescription\":\"Loan to Directors\",\"FeatureGroup\":\"INFORMATIONAL\",\"FeatureDataType\":\"numeric\",\"TableName\":\"financialfact_ods\"},{\"FeatureID\":23,\"FeatureName\":\"trade_creditors\",\"FeatureDescription\":\"Trade Creditors\",\"FeatureGroup\":\"LIABILITY\",\"FeatureDataType\":\"numeric\",\"TableName\":\"financialfact_ods\"},{\"FeatureID\":19,\"FeatureName\":\"gross_sales\",\"FeatureDescription\":\"Gross Sales\",\"FeatureGroup\":\"INCOME\",\"FeatureDataType\":\"numeric\",\"TableName\":\"financialfact_ods\"},{\"FeatureID\":20,\"FeatureName\":\"net_profit_or_loss\",\"FeatureDescription\":\"Net Profit or Loss\",\"FeatureGroup\":\"INCOME\",\"FeatureDataType\":\"numeric\",\"TableName\":\"financialfact_ods\"},{\"FeatureID\":29,\"FeatureName\":\"other_non_sales_income\",\"FeatureDescription\":\"Other non Business Income\",\"FeatureGroup\":\"INCOME\",\"FeatureDataType\":\"numeric\",\"TableName\":\"financialfact_ods\"},{\"FeatureID\":7,\"FeatureName\":\"receipt_from_outside_malaysia\",\"FeatureDescription\":\"Receipt from related companies outside Msia\",\"FeatureGroup\":\"INTERCOMPANY\",\"FeatureDataType\":\"numeric\",\"TableName\":\"related_comp_fact_ods\"},{\"FeatureID\":32,\"FeatureName\":\"tax_exempted_income\",\"FeatureDescription\":\"Non-taxable profits\",\"FeatureGroup\":\"INCOME\",\"FeatureDataType\":\"numeric\",\"TableName\":\"financialfact_ods\"},{\"FeatureID\":53,\"FeatureName\":\"total_current_assets\",\"FeatureDescription\":\"Total Current Assets\",\"FeatureGroup\":\"ASSETS\",\"FeatureDataType\":\"numeric\",\"TableName\":\"financialfact_ods\"},{\"FeatureID\":28,\"FeatureName\":\"tax_payable_repayable\",\"FeatureDescription\":\"Total Tax Liability\",\"FeatureGroup\":\"LIABILITY\",\"FeatureDataType\":\"numeric\",\"TableName\":\"tax_assm_fact_ods\"},{\"FeatureID\":36,\"FeatureName\":\"total_current_liability\",\"FeatureDescription\":\"Total Current Liabilities\",\"FeatureGroup\":\"LIABILITY\",\"FeatureDataType\":\"numeric\",\"TableName\":\"financialfact_ods\"},{\"FeatureID\":60,\"FeatureName\":\"loan_to_director\",\"FeatureDescription\":\"Loan to Directors\",\"FeatureGroup\":\"INFORMATIONAL\",\"FeatureDataType\":\"numeric\",\"TableName\":\"financialfact_ods\"},{\"FeatureID\":61,\"FeatureName\":\"total_purchase_in_malaysia\",\"FeatureDescription\":\"Total purchases fr rel companies in Msia\",\"FeatureGroup\":\"INFORMATIONAL\",\"FeatureDataType\":\"numeric\",\"TableName\":\"related_comp_fact_ods\"},{\"FeatureID\":5,\"FeatureName\":\"total_purchase_outside_malaysi\",\"FeatureDescription\":\"\",\"FeatureGroup\":\"INTERCOMPANY\",\"FeatureDataType\":\"numeric\",\"TableName\":\"related_comp_fact_ods\"},{\"FeatureID\":75,\"FeatureName\":\"total_sales_in_malaysia\",\"FeatureDescription\":\"Total sales to related companies in Msia\",\"FeatureGroup\":\"INFORMATIONAL\",\"FeatureDataType\":\"numeric\",\"TableName\":\"financialfact_ods\"},{\"FeatureID\":76,\"FeatureName\":\"main_business_code\",\"FeatureDescription\":\"Industry Code\",\"FeatureGroup\":\"CODE\",\"FeatureDataType\":\"numeric\",\"TableName\":\"financialfact_ods\"},{\"FeatureID\":62,\"FeatureName\":\"state\",\"FeatureDescription\":\"State Code\",\"FeatureGroup\":\"CODE\",\"FeatureDataType\":\"string\",\"TableName\":\"financialfact_ods\"},{\"FeatureID\":24,\"FeatureName\":\"loan_from_director\",\"FeatureDescription\":\"Loan from Directors\",\"FeatureGroup\":\"LIABILITY\",\"FeatureDataType\":\"numeric\",\"TableName\":\"financialfact_ods\"}]}',3),(4,NULL,'Done','Spark','{\"ODSQuery\":\"SELECT financialfact_ods.trade_debtors,financialfact_ods.branch_code,financialfact_ods.purchases,financialfact_ods.total_expenses,financialfact_ods.gross_profit,financialfact_ods.loan_to_director,financialfact_ods.trade_creditors,financialfact_ods.gross_sales,financialfact_ods.net_profit_or_loss,financialfact_ods.other_non_sales_income,related_comp_fact_ods.receipt_from_outside_malaysia,financialfact_ods.tax_exempted_income,financialfact_ods.total_current_assets,tax_assm_fact_ods.tax_payable_repayable,financialfact_ods.total_current_liability,financialfact_ods.loan_to_director,related_comp_fact_ods.total_purchase_in_malaysia,related_comp_fact_ods.total_purchase_outside_malaysi,financialfact_ods.total_sales_in_malaysia,financialfact_ods.main_business_code,financialfact_ods.state,financialfact_ods.loan_from_director FROM financialfact_ods JOIN related_comp_fact_ods ON financialfact_ods.branch_key = related_comp_fact_ods.branch_key AND financialfact_ods.taxpayer_key = related_comp_fact_ods.taxpayer_key AND financialfact_ods.business_key = related_comp_fact_ods.business_key AND financialfact_ods.assessment_key = related_comp_fact_ods.assessment_key JOIN tax_assm_fact_ods ON financialfact_ods.branch_key = tax_assm_fact_ods.branch_key AND financialfact_ods.taxpayer_key = tax_assm_fact_ods.taxpayer_key AND financialfact_ods.business_key = tax_assm_fact_ods.business_key AND financialfact_ods.assessment_key = tax_assm_fact_ods.assessment_key WHERE financialfact_ods.assessment_year IN 2017 , 2016 , 2015 AND financialfact_ods.file_type = \\u0027C\\u0027\",\"ProfileID\":4,\"ModelID\":5,\"JobID\":4,\"Ratios\":[{\"RatioID\":1,\"RatioName\":\"RT_EXP_GS\",\"Propotional\":1,\"Features\":[{\"FeatureID\":15,\"FeatureName\":\"total_expenses\",\"FeatureDescription\":\"Total Business Expense\",\"FeatureGroup\":\"EXPENSE\",\"FeatureDataType\":\"numeric\",\"TableName\":\"financialfact_ods\"},{\"FeatureID\":19,\"FeatureName\":\"gross_sales\",\"FeatureDescription\":\"Gross Sales\",\"FeatureGroup\":\"INCOME\",\"FeatureDataType\":\"numeric\",\"TableName\":\"financialfact_ods\"}]},{\"RatioID\":3,\"RatioName\":\"RT_GP_GS\",\"Propotional\":0,\"Features\":[{\"FeatureID\":18,\"FeatureName\":\"gross_profit\",\"FeatureDescription\":\"Gross Profit or Loss\",\"FeatureGroup\":\"INCOME\",\"FeatureDataType\":\"numeric\",\"TableName\":\"financialfact_ods\"},{\"FeatureID\":19,\"FeatureName\":\"gross_sales\",\"FeatureDescription\":\"Gross Sales\",\"FeatureGroup\":\"INCOME\",\"FeatureDataType\":\"numeric\",\"TableName\":\"financialfact_ods\"}]},{\"RatioID\":5,\"RatioName\":\"RT_NP_GS\",\"Propotional\":0,\"Features\":[{\"FeatureID\":20,\"FeatureName\":\"net_profit_or_loss\",\"FeatureDescription\":\"Net Profit or Loss\",\"FeatureGroup\":\"INCOME\",\"FeatureDataType\":\"numeric\",\"TableName\":\"financialfact_ods\"},{\"FeatureID\":19,\"FeatureName\":\"gross_sales\",\"FeatureDescription\":\"Gross Sales\",\"FeatureGroup\":\"INCOME\",\"FeatureDataType\":\"numeric\",\"TableName\":\"financialfact_ods\"}]},{\"RatioID\":19,\"RatioName\":\"RT_LN_INT_EXP\",\"Propotional\":1,\"Features\":[{\"FeatureID\":24,\"FeatureName\":\"loan_from_director\",\"FeatureDescription\":\"Loan from Directors\",\"FeatureGroup\":\"LIABILITY\",\"FeatureDataType\":\"numeric\",\"TableName\":\"financialfact_ods\"},{\"FeatureID\":19,\"FeatureName\":\"gross_sales\",\"FeatureDescription\":\"Gross Sales\",\"FeatureGroup\":\"INCOME\",\"FeatureDataType\":\"numeric\",\"TableName\":\"financialfact_ods\"}]},{\"RatioID\":20,\"RatioName\":\"RT_PUR_IN_MSIA\",\"Propotional\":1,\"Features\":[{\"FeatureID\":61,\"FeatureName\":\"total_purchase_in_malaysia\",\"FeatureDescription\":\"Total purchases fr rel companies in Msia\",\"FeatureGroup\":\"INFORMATIONAL\",\"FeatureDataType\":\"numeric\",\"TableName\":\"related_comp_fact_ods\"},{\"FeatureID\":14,\"FeatureName\":\"purchases\",\"FeatureDescription\":\"Purchases\",\"FeatureGroup\":\"EXPENSE\",\"FeatureDataType\":\"numeric\",\"TableName\":\"financialfact_ods\"}]},{\"RatioID\":21,\"RatioName\":\"RT_PUR_OUT_M\",\"Propotional\":1,\"Features\":[{\"FeatureID\":5,\"FeatureName\":\"total_purchase_outside_malaysi\",\"FeatureDescription\":\"\",\"FeatureGroup\":\"INTERCOMPANY\",\"FeatureDataType\":\"numeric\",\"TableName\":\"related_comp_fact_ods\"},{\"FeatureID\":14,\"FeatureName\":\"purchases\",\"FeatureDescription\":\"Purchases\",\"FeatureGroup\":\"EXPENSE\",\"FeatureDataType\":\"numeric\",\"TableName\":\"financialfact_ods\"}]},{\"RatioID\":22,\"RatioName\":\"RT_REL_SALE_OUT_MSIA\",\"Propotional\":1,\"Features\":[{\"FeatureID\":7,\"FeatureName\":\"receipt_from_outside_malaysia\",\"FeatureDescription\":\"Receipt from related companies outside Msia\",\"FeatureGroup\":\"INTERCOMPANY\",\"FeatureDataType\":\"numeric\",\"TableName\":\"related_comp_fact_ods\"},{\"FeatureID\":19,\"FeatureName\":\"gross_sales\",\"FeatureDescription\":\"Gross Sales\",\"FeatureGroup\":\"INCOME\",\"FeatureDataType\":\"numeric\",\"TableName\":\"financialfact_ods\"}]},{\"RatioID\":23,\"RatioName\":\"RT_REL_SALE_IN_MSIA\",\"Propotional\":1,\"Features\":[{\"FeatureID\":75,\"FeatureName\":\"total_sales_in_malaysia\",\"FeatureDescription\":\"Total sales to related companies in Msia\",\"FeatureGroup\":\"INFORMATIONAL\",\"FeatureDataType\":\"numeric\",\"TableName\":\"financialfact_ods\"},{\"FeatureID\":19,\"FeatureName\":\"gross_sales\",\"FeatureDescription\":\"Gross Sales\",\"FeatureGroup\":\"INCOME\",\"FeatureDataType\":\"numeric\",\"TableName\":\"financialfact_ods\"}]},{\"RatioID\":24,\"RatioName\":\"DF_LOANFR_DIR\",\"Propotional\":1,\"Features\":[{\"FeatureID\":24,\"FeatureName\":\"loan_from_director\",\"FeatureDescription\":\"Loan from Directors\",\"FeatureGroup\":\"LIABILITY\",\"FeatureDataType\":\"numeric\",\"TableName\":\"financialfact_ods\"},{\"FeatureID\":19,\"FeatureName\":\"gross_sales\",\"FeatureDescription\":\"Gross Sales\",\"FeatureGroup\":\"INCOME\",\"FeatureDataType\":\"numeric\",\"TableName\":\"financialfact_ods\"}]},{\"RatioID\":25,\"RatioName\":\"DF_LOANTO_DIR\",\"Propotional\":1,\"Features\":[{\"FeatureID\":19,\"FeatureName\":\"gross_sales\",\"FeatureDescription\":\"Gross Sales\",\"FeatureGroup\":\"INCOME\",\"FeatureDataType\":\"numeric\",\"TableName\":\"financialfact_ods\"},{\"FeatureID\":60,\"FeatureName\":\"loan_to_director\",\"FeatureDescription\":\"Loan to Directors\",\"FeatureGroup\":\"INFORMATIONAL\",\"FeatureDataType\":\"numeric\",\"TableName\":\"financialfact_ods\"}]},{\"RatioID\":26,\"RatioName\":\"ETR\",\"Propotional\":1,\"Features\":[{\"FeatureID\":28,\"FeatureName\":\"tax_payable_repayable\",\"FeatureDescription\":\"Total Tax Liability\",\"FeatureGroup\":\"LIABILITY\",\"FeatureDataType\":\"numeric\",\"TableName\":\"tax_assm_fact_ods\"},{\"FeatureID\":20,\"FeatureName\":\"net_profit_or_loss\",\"FeatureDescription\":\"Net Profit or Loss\",\"FeatureGroup\":\"INCOME\",\"FeatureDataType\":\"numeric\",\"TableName\":\"financialfact_ods\"}]}],\"Features\":[{\"FeatureID\":3,\"FeatureName\":\"trade_debtors\",\"FeatureDescription\":\"Trade Debtors\",\"FeatureGroup\":\"ASSETS\",\"FeatureDataType\":\"numeric\",\"TableName\":\"financialfact_ods\"},{\"FeatureID\":66,\"FeatureName\":\"branch_code\",\"FeatureDescription\":\"Branch code\",\"FeatureGroup\":\"DIMENSION\",\"FeatureDataType\":\"numeric\",\"TableName\":\"financialfact_ods\"},{\"FeatureID\":14,\"FeatureName\":\"purchases\",\"FeatureDescription\":\"Purchases\",\"FeatureGroup\":\"EXPENSE\",\"FeatureDataType\":\"numeric\",\"TableName\":\"financialfact_ods\"},{\"FeatureID\":15,\"FeatureName\":\"total_expenses\",\"FeatureDescription\":\"Total Business Expense\",\"FeatureGroup\":\"EXPENSE\",\"FeatureDataType\":\"numeric\",\"TableName\":\"financialfact_ods\"},{\"FeatureID\":18,\"FeatureName\":\"gross_profit\",\"FeatureDescription\":\"Gross Profit or Loss\",\"FeatureGroup\":\"INCOME\",\"FeatureDataType\":\"numeric\",\"TableName\":\"financialfact_ods\"},{\"FeatureID\":60,\"FeatureName\":\"loan_to_director\",\"FeatureDescription\":\"Loan to Directors\",\"FeatureGroup\":\"INFORMATIONAL\",\"FeatureDataType\":\"numeric\",\"TableName\":\"financialfact_ods\"},{\"FeatureID\":23,\"FeatureName\":\"trade_creditors\",\"FeatureDescription\":\"Trade Creditors\",\"FeatureGroup\":\"LIABILITY\",\"FeatureDataType\":\"numeric\",\"TableName\":\"financialfact_ods\"},{\"FeatureID\":19,\"FeatureName\":\"gross_sales\",\"FeatureDescription\":\"Gross Sales\",\"FeatureGroup\":\"INCOME\",\"FeatureDataType\":\"numeric\",\"TableName\":\"financialfact_ods\"},{\"FeatureID\":20,\"FeatureName\":\"net_profit_or_loss\",\"FeatureDescription\":\"Net Profit or Loss\",\"FeatureGroup\":\"INCOME\",\"FeatureDataType\":\"numeric\",\"TableName\":\"financialfact_ods\"},{\"FeatureID\":29,\"FeatureName\":\"other_non_sales_income\",\"FeatureDescription\":\"Other non Business Income\",\"FeatureGroup\":\"INCOME\",\"FeatureDataType\":\"numeric\",\"TableName\":\"financialfact_ods\"},{\"FeatureID\":7,\"FeatureName\":\"receipt_from_outside_malaysia\",\"FeatureDescription\":\"Receipt from related companies outside Msia\",\"FeatureGroup\":\"INTERCOMPANY\",\"FeatureDataType\":\"numeric\",\"TableName\":\"related_comp_fact_ods\"},{\"FeatureID\":32,\"FeatureName\":\"tax_exempted_income\",\"FeatureDescription\":\"Non-taxable profits\",\"FeatureGroup\":\"INCOME\",\"FeatureDataType\":\"numeric\",\"TableName\":\"financialfact_ods\"},{\"FeatureID\":53,\"FeatureName\":\"total_current_assets\",\"FeatureDescription\":\"Total Current Assets\",\"FeatureGroup\":\"ASSETS\",\"FeatureDataType\":\"numeric\",\"TableName\":\"financialfact_ods\"},{\"FeatureID\":28,\"FeatureName\":\"tax_payable_repayable\",\"FeatureDescription\":\"Total Tax Liability\",\"FeatureGroup\":\"LIABILITY\",\"FeatureDataType\":\"numeric\",\"TableName\":\"tax_assm_fact_ods\"},{\"FeatureID\":36,\"FeatureName\":\"total_current_liability\",\"FeatureDescription\":\"Total Current Liabilities\",\"FeatureGroup\":\"LIABILITY\",\"FeatureDataType\":\"numeric\",\"TableName\":\"financialfact_ods\"},{\"FeatureID\":60,\"FeatureName\":\"loan_to_director\",\"FeatureDescription\":\"Loan to Directors\",\"FeatureGroup\":\"INFORMATIONAL\",\"FeatureDataType\":\"numeric\",\"TableName\":\"financialfact_ods\"},{\"FeatureID\":61,\"FeatureName\":\"total_purchase_in_malaysia\",\"FeatureDescription\":\"Total purchases fr rel companies in Msia\",\"FeatureGroup\":\"INFORMATIONAL\",\"FeatureDataType\":\"numeric\",\"TableName\":\"related_comp_fact_ods\"},{\"FeatureID\":5,\"FeatureName\":\"total_purchase_outside_malaysi\",\"FeatureDescription\":\"\",\"FeatureGroup\":\"INTERCOMPANY\",\"FeatureDataType\":\"numeric\",\"TableName\":\"related_comp_fact_ods\"},{\"FeatureID\":75,\"FeatureName\":\"total_sales_in_malaysia\",\"FeatureDescription\":\"Total sales to related companies in Msia\",\"FeatureGroup\":\"INFORMATIONAL\",\"FeatureDataType\":\"numeric\",\"TableName\":\"financialfact_ods\"},{\"FeatureID\":76,\"FeatureName\":\"main_business_code\",\"FeatureDescription\":\"Industry Code\",\"FeatureGroup\":\"CODE\",\"FeatureDataType\":\"numeric\",\"TableName\":\"financialfact_ods\"},{\"FeatureID\":62,\"FeatureName\":\"state\",\"FeatureDescription\":\"State Code\",\"FeatureGroup\":\"CODE\",\"FeatureDataType\":\"string\",\"TableName\":\"financialfact_ods\"},{\"FeatureID\":24,\"FeatureName\":\"loan_from_director\",\"FeatureDescription\":\"Loan from Directors\",\"FeatureGroup\":\"LIABILITY\",\"FeatureDataType\":\"numeric\",\"TableName\":\"financialfact_ods\"}],\"AssesmentYear\":2017}',4),(5,NULL,'In Queue','Spark','{\"ODSQuery\":\"SELECT financialfact_ods.plant_and_machinery,financialfact_ods.total_assets,financialfact_ods.trade_debtors,related_comp_fact_ods.loans_from_outside_malaysia,related_comp_fact_ods.total_purchase_outside_malaysi,related_comp_fact_ods.other_payment_outside_malaysia,related_comp_fact_ods.receipt_from_outside_malaysia,related_comp_fact_ods.total_sales_outside_malaysia,financialfact_ods.promo_advert_expense,financialfact_ods.cost_of_goods_sold,financialfact_ods.contract_subcon_expense,financialfact_ods.loan_interest_expense,financialfact_ods.non_allow_expense,financialfact_ods.purchases,financialfact_ods.total_expenses,financialfact_ods.opening_stock,financialfact_ods.production_cost,financialfact_ods.gross_profit,financialfact_ods.gross_sales,financialfact_ods.net_profit_or_loss,financialfact_ods.other_business_income,financialfact_ods.other_non_sales_income,financialfact_ods.closing_stock,financialfact_ods.trade_creditors,financialfact_ods.loan_from_director,financialfact_ods.other_creditors,tax_assm_fact_ods.total_tax,tax_assm_fact_ods.total_tax_liability,tax_assm_fact_ods.tax_payable_repayable,financialfact_ods.tax_exempted_income,financialfact_ods.state,financialfact_ods.assessment_type,financialfact_ods.assessment_year,financialfact_ods.assessment_key,financialfact_ods.branch_code,financialfact_ods.branch_key,financialfact_ods.taxpayer_key,financialfact_ods.business_key,financialfact_ods.business_code,financialfact_ods.it_ref_no_taxassm_dim,financialfact_ods.seq_no,financialfact_ods.process_date,financialfact_ods.snapshot_date,financialfact_ods.main_business_code FROM financialfact_ods JOIN related_comp_fact_ods ON financialfact_ods.branch_key = related_comp_fact_ods.branch_key AND financialfact_ods.taxpayer_key = related_comp_fact_ods.taxpayer_key AND financialfact_ods.business_key = related_comp_fact_ods.business_key AND financialfact_ods.assessment_key = related_comp_fact_ods.assessment_key JOIN tax_assm_fact_ods ON financialfact_ods.branch_key = tax_assm_fact_ods.branch_key AND financialfact_ods.taxpayer_key = tax_assm_fact_ods.taxpayer_key AND financialfact_ods.business_key = tax_assm_fact_ods.business_key AND financialfact_ods.assessment_key = tax_assm_fact_ods.assessment_key WHERE financialfact_ods.assessment_year IN 2017 , 2016 , 2015 AND financialfact_ods.file_type = \\u0027C\\u0027 AND financialfact_ods.total_assets \\u003e 10000000 AND financialfact_ods.gross_profit \\u003e 10000000 AND financialfact_ods.gross_sales \\u003e 10000000\",\"ProfileID\":5,\"ModelID\":1,\"JobID\":5,\"Ratios\":[{\"RatioID\":1,\"RatioName\":\"RT_EXP_GS\",\"Propotional\":1,\"Features\":[{\"FeatureID\":15,\"FeatureName\":\"total_expenses\",\"FeatureDescription\":\"Total Business Expense\",\"FeatureGroup\":\"EXPENSE\",\"FeatureDataType\":\"numeric\",\"TableName\":\"financialfact_ods\"},{\"FeatureID\":19,\"FeatureName\":\"gross_sales\",\"FeatureDescription\":\"Gross Sales\",\"FeatureGroup\":\"INCOME\",\"FeatureDataType\":\"numeric\",\"TableName\":\"financialfact_ods\"}]},{\"RatioID\":2,\"RatioName\":\"RT_GP_EXP\",\"Propotional\":0,\"Features\":[{\"FeatureID\":18,\"FeatureName\":\"gross_profit\",\"FeatureDescription\":\"Gross Profit or Loss\",\"FeatureGroup\":\"INCOME\",\"FeatureDataType\":\"numeric\",\"TableName\":\"financialfact_ods\"},{\"FeatureID\":15,\"FeatureName\":\"total_expenses\",\"FeatureDescription\":\"Total Business Expense\",\"FeatureGroup\":\"EXPENSE\",\"FeatureDataType\":\"numeric\",\"TableName\":\"financialfact_ods\"}]},{\"RatioID\":3,\"RatioName\":\"RT_GP_GS\",\"Propotional\":0,\"Features\":[{\"FeatureID\":18,\"FeatureName\":\"gross_profit\",\"FeatureDescription\":\"Gross Profit or Loss\",\"FeatureGroup\":\"INCOME\",\"FeatureDataType\":\"numeric\",\"TableName\":\"financialfact_ods\"},{\"FeatureID\":19,\"FeatureName\":\"gross_sales\",\"FeatureDescription\":\"Gross Sales\",\"FeatureGroup\":\"INCOME\",\"FeatureDataType\":\"numeric\",\"TableName\":\"financialfact_ods\"}]},{\"RatioID\":4,\"RatioName\":\"RT_GS_TOTAST\",\"Propotional\":0,\"Features\":[{\"FeatureID\":19,\"FeatureName\":\"gross_sales\",\"FeatureDescription\":\"Gross Sales\",\"FeatureGroup\":\"INCOME\",\"FeatureDataType\":\"numeric\",\"TableName\":\"financialfact_ods\"},{\"FeatureID\":2,\"FeatureName\":\"total_assets\",\"FeatureDescription\":\"Total Assets\",\"FeatureGroup\":\"ASSETS\",\"FeatureDataType\":\"numeric\",\"TableName\":\"financialfact_ods\"}]},{\"RatioID\":5,\"RatioName\":\"RT_NP_GS\",\"Propotional\":0,\"Features\":[{\"FeatureID\":20,\"FeatureName\":\"net_profit_or_loss\",\"FeatureDescription\":\"Net Profit or Loss\",\"FeatureGroup\":\"INCOME\",\"FeatureDataType\":\"numeric\",\"TableName\":\"financialfact_ods\"},{\"FeatureID\":19,\"FeatureName\":\"gross_sales\",\"FeatureDescription\":\"Gross Sales\",\"FeatureGroup\":\"INCOME\",\"FeatureDataType\":\"numeric\",\"TableName\":\"financialfact_ods\"}]},{\"RatioID\":6,\"RatioName\":\"RT_NP_TOTAST\",\"Propotional\":0,\"Features\":[{\"FeatureID\":20,\"FeatureName\":\"net_profit_or_loss\",\"FeatureDescription\":\"Net Profit or Loss\",\"FeatureGroup\":\"INCOME\",\"FeatureDataType\":\"numeric\",\"TableName\":\"financialfact_ods\"},{\"FeatureID\":2,\"FeatureName\":\"total_assets\",\"FeatureDescription\":\"Total Assets\",\"FeatureGroup\":\"ASSETS\",\"FeatureDataType\":\"numeric\",\"TableName\":\"financialfact_ods\"}]},{\"RatioID\":7,\"RatioName\":\"RT_PRD_GS\",\"Propotional\":1,\"Features\":[{\"FeatureID\":17,\"FeatureName\":\"production_cost\",\"FeatureDescription\":\"Production Cost\",\"FeatureGroup\":\"EXPENSE\",\"FeatureDataType\":\"numeric\",\"TableName\":\"financialfact_ods\"},{\"FeatureID\":19,\"FeatureName\":\"gross_sales\",\"FeatureDescription\":\"Gross Sales\",\"FeatureGroup\":\"INCOME\",\"FeatureDataType\":\"numeric\",\"TableName\":\"financialfact_ods\"}]},{\"RatioID\":8,\"RatioName\":\"RT_STKTURN\",\"Propotional\":1,\"Features\":[{\"FeatureID\":10,\"FeatureName\":\"cost_of_goods_sold\",\"FeatureDescription\":\"Cost of Sales or Cost of Goods Sold\",\"FeatureGroup\":\"EXPENSE\",\"FeatureDataType\":\"numeric\",\"TableName\":\"financialfact_ods\"},{\"FeatureID\":16,\"FeatureName\":\"opening_stock\",\"FeatureDescription\":\"Opening Stock\",\"FeatureGroup\":\"EXPENSE\",\"FeatureDataType\":\"numeric\",\"TableName\":\"financialfact_ods\"},{\"FeatureID\":22,\"FeatureName\":\"closing_stock\",\"FeatureDescription\":\"Closing Stock\",\"FeatureGroup\":\"INCOME\",\"FeatureDataType\":\"numeric\",\"TableName\":\"financialfact_ods\"}]},{\"RatioID\":9,\"RatioName\":\"RT_TRCRT_COS\",\"Propotional\":1,\"Features\":[{\"FeatureID\":23,\"FeatureName\":\"trade_creditors\",\"FeatureDescription\":\"Trade Creditors\",\"FeatureGroup\":\"LIABILITY\",\"FeatureDataType\":\"numeric\",\"TableName\":\"financialfact_ods\"},{\"FeatureID\":10,\"FeatureName\":\"cost_of_goods_sold\",\"FeatureDescription\":\"Cost of Sales or Cost of Goods Sold\",\"FeatureGroup\":\"EXPENSE\",\"FeatureDataType\":\"numeric\",\"TableName\":\"financialfact_ods\"}]},{\"RatioID\":10,\"RatioName\":\"RT_TRCRT_PUR\",\"Propotional\":1,\"Features\":[{\"FeatureID\":23,\"FeatureName\":\"trade_creditors\",\"FeatureDescription\":\"Trade Creditors\",\"FeatureGroup\":\"LIABILITY\",\"FeatureDataType\":\"numeric\",\"TableName\":\"financialfact_ods\"},{\"FeatureID\":14,\"FeatureName\":\"purchases\",\"FeatureDescription\":\"Purchases\",\"FeatureGroup\":\"EXPENSE\",\"FeatureDataType\":\"numeric\",\"TableName\":\"financialfact_ods\"}]},{\"RatioID\":11,\"RatioName\":\"RT_TRDR_GS\",\"Propotional\":1,\"Features\":[{\"FeatureID\":3,\"FeatureName\":\"trade_debtors\",\"FeatureDescription\":\"Trade Debtors\",\"FeatureGroup\":\"ASSETS\",\"FeatureDataType\":\"numeric\",\"TableName\":\"financialfact_ods\"},{\"FeatureID\":19,\"FeatureName\":\"gross_sales\",\"FeatureDescription\":\"Gross Sales\",\"FeatureGroup\":\"INCOME\",\"FeatureDataType\":\"numeric\",\"TableName\":\"financialfact_ods\"}]},{\"RatioID\":12,\"RatioName\":\"RT_PUR_GS\",\"Propotional\":1,\"Features\":[{\"FeatureID\":14,\"FeatureName\":\"purchases\",\"FeatureDescription\":\"Purchases\",\"FeatureGroup\":\"EXPENSE\",\"FeatureDataType\":\"numeric\",\"TableName\":\"financialfact_ods\"},{\"FeatureID\":19,\"FeatureName\":\"gross_sales\",\"FeatureDescription\":\"Gross Sales\",\"FeatureGroup\":\"INCOME\",\"FeatureDataType\":\"numeric\",\"TableName\":\"financialfact_ods\"}]},{\"RatioID\":13,\"RatioName\":\"INC_OPPT_B1\",\"Propotional\":1,\"Features\":[{\"FeatureID\":20,\"FeatureName\":\"net_profit_or_loss\",\"FeatureDescription\":\"Net Profit or Loss\",\"FeatureGroup\":\"INCOME\",\"FeatureDataType\":\"numeric\",\"TableName\":\"financialfact_ods\"},{\"FeatureID\":29,\"FeatureName\":\"other_non_sales_income\",\"FeatureDescription\":\"Other non Business Income\",\"FeatureGroup\":\"INCOME\",\"FeatureDataType\":\"numeric\",\"TableName\":\"financialfact_ods\"}]}],\"Features\":[{\"FeatureID\":1,\"FeatureName\":\"plant_and_machinery\",\"FeatureDescription\":\"Plant and Machinery\",\"FeatureGroup\":\"ASSETS\",\"FeatureDataType\":\"numeric\",\"TableName\":\"financialfact_ods\"},{\"FeatureID\":2,\"FeatureName\":\"total_assets\",\"FeatureDescription\":\"Total Assets\",\"FeatureGroup\":\"ASSETS\",\"FeatureDataType\":\"numeric\",\"TableName\":\"financialfact_ods\"},{\"FeatureID\":3,\"FeatureName\":\"trade_debtors\",\"FeatureDescription\":\"Trade Debtors\",\"FeatureGroup\":\"ASSETS\",\"FeatureDataType\":\"numeric\",\"TableName\":\"financialfact_ods\"},{\"FeatureID\":4,\"FeatureName\":\"loans_from_outside_malaysia\",\"FeatureDescription\":\"Loans from related companies outside Mal\",\"FeatureGroup\":\"INTERCOMPANY\",\"FeatureDataType\":\"numeric\",\"TableName\":\"related_comp_fact_ods\"},{\"FeatureID\":5,\"FeatureName\":\"total_purchase_outside_malaysi\",\"FeatureDescription\":\"\",\"FeatureGroup\":\"INTERCOMPANY\",\"FeatureDataType\":\"numeric\",\"TableName\":\"related_comp_fact_ods\"},{\"FeatureID\":6,\"FeatureName\":\"other_payment_outside_malaysia\",\"FeatureDescription\":\"Other payments to related companies out Malaysia\",\"FeatureGroup\":\"INTERCOMPANY\",\"FeatureDataType\":\"numeric\",\"TableName\":\"related_comp_fact_ods\"},{\"FeatureID\":7,\"FeatureName\":\"receipt_from_outside_malaysia\",\"FeatureDescription\":\"Receipt from related companies outside Msia\",\"FeatureGroup\":\"INTERCOMPANY\",\"FeatureDataType\":\"numeric\",\"TableName\":\"related_comp_fact_ods\"},{\"FeatureID\":8,\"FeatureName\":\"total_sales_outside_malaysia\",\"FeatureDescription\":\"Total sales from related companies outside Malaysia\",\"FeatureGroup\":\"INTERCOMPANY\",\"FeatureDataType\":\"numeric\",\"TableName\":\"related_comp_fact_ods\"},{\"FeatureID\":9,\"FeatureName\":\"promo_advert_expense\",\"FeatureDescription\":\"Advertising Expense\",\"FeatureGroup\":\"EXPENSE\",\"FeatureDataType\":\"numeric\",\"TableName\":\"financialfact_ods\"},{\"FeatureID\":10,\"FeatureName\":\"cost_of_goods_sold\",\"FeatureDescription\":\"Cost of Sales or Cost of Goods Sold\",\"FeatureGroup\":\"EXPENSE\",\"FeatureDataType\":\"numeric\",\"TableName\":\"financialfact_ods\"},{\"FeatureID\":11,\"FeatureName\":\"contract_subcon_expense\",\"FeatureDescription\":\"Contractor and Subcontractor Expense\",\"FeatureGroup\":\"INTERCOMPANY\",\"FeatureDataType\":\"numeric\",\"TableName\":\"financialfact_ods\"},{\"FeatureID\":12,\"FeatureName\":\"loan_interest_expense\",\"FeatureDescription\":\"Loan Interest Expense\",\"FeatureGroup\":\"INTERCOMPANY\",\"FeatureDataType\":\"numeric\",\"TableName\":\"financialfact_ods\"},{\"FeatureID\":13,\"FeatureName\":\"non_allow_expense\",\"FeatureDescription\":\"Non-allowable expenses\",\"FeatureGroup\":\"INTERCOMPANY\",\"FeatureDataType\":\"numeric\",\"TableName\":\"financialfact_ods\"},{\"FeatureID\":14,\"FeatureName\":\"purchases\",\"FeatureDescription\":\"Purchases\",\"FeatureGroup\":\"EXPENSE\",\"FeatureDataType\":\"numeric\",\"TableName\":\"financialfact_ods\"},{\"FeatureID\":15,\"FeatureName\":\"total_expenses\",\"FeatureDescription\":\"Total Business Expense\",\"FeatureGroup\":\"EXPENSE\",\"FeatureDataType\":\"numeric\",\"TableName\":\"financialfact_ods\"},{\"FeatureID\":16,\"FeatureName\":\"opening_stock\",\"FeatureDescription\":\"Opening Stock\",\"FeatureGroup\":\"EXPENSE\",\"FeatureDataType\":\"numeric\",\"TableName\":\"financialfact_ods\"},{\"FeatureID\":17,\"FeatureName\":\"production_cost\",\"FeatureDescription\":\"Production Cost\",\"FeatureGroup\":\"EXPENSE\",\"FeatureDataType\":\"numeric\",\"TableName\":\"financialfact_ods\"},{\"FeatureID\":18,\"FeatureName\":\"gross_profit\",\"FeatureDescription\":\"Gross Profit or Loss\",\"FeatureGroup\":\"INCOME\",\"FeatureDataType\":\"numeric\",\"TableName\":\"financialfact_ods\"},{\"FeatureID\":19,\"FeatureName\":\"gross_sales\",\"FeatureDescription\":\"Gross Sales\",\"FeatureGroup\":\"INCOME\",\"FeatureDataType\":\"numeric\",\"TableName\":\"financialfact_ods\"},{\"FeatureID\":20,\"FeatureName\":\"net_profit_or_loss\",\"FeatureDescription\":\"Net Profit or Loss\",\"FeatureGroup\":\"INCOME\",\"FeatureDataType\":\"numeric\",\"TableName\":\"financialfact_ods\"},{\"FeatureID\":21,\"FeatureName\":\"other_business_income\",\"FeatureDescription\":\"Other Business Income\",\"FeatureGroup\":\"INCOME\",\"FeatureDataType\":\"numeric\",\"TableName\":\"financialfact_ods\"},{\"FeatureID\":29,\"FeatureName\":\"other_non_sales_income\",\"FeatureDescription\":\"Other non Business Income\",\"FeatureGroup\":\"INCOME\",\"FeatureDataType\":\"numeric\",\"TableName\":\"financialfact_ods\"},{\"FeatureID\":22,\"FeatureName\":\"closing_stock\",\"FeatureDescription\":\"Closing Stock\",\"FeatureGroup\":\"INCOME\",\"FeatureDataType\":\"numeric\",\"TableName\":\"financialfact_ods\"},{\"FeatureID\":23,\"FeatureName\":\"trade_creditors\",\"FeatureDescription\":\"Trade Creditors\",\"FeatureGroup\":\"LIABILITY\",\"FeatureDataType\":\"numeric\",\"TableName\":\"financialfact_ods\"},{\"FeatureID\":24,\"FeatureName\":\"loan_from_director\",\"FeatureDescription\":\"Loan from Directors\",\"FeatureGroup\":\"LIABILITY\",\"FeatureDataType\":\"numeric\",\"TableName\":\"financialfact_ods\"},{\"FeatureID\":25,\"FeatureName\":\"other_creditors\",\"FeatureDescription\":\"Other Creditors\",\"FeatureGroup\":\"LIABILITY\",\"FeatureDataType\":\"numeric\",\"TableName\":\"financialfact_ods\"},{\"FeatureID\":26,\"FeatureName\":\"total_tax\",\"FeatureDescription\":\"Tax\",\"FeatureGroup\":\"LIABILITY\",\"FeatureDataType\":\"numeric\",\"TableName\":\"tax_assm_fact_ods\"},{\"FeatureID\":27,\"FeatureName\":\"total_tax_liability\",\"FeatureDescription\":\"Tax Liability Balance (Owe / Refund)\",\"FeatureGroup\":\"LIABILITY\",\"FeatureDataType\":\"numeric\",\"TableName\":\"tax_assm_fact_ods\"},{\"FeatureID\":28,\"FeatureName\":\"tax_payable_repayable\",\"FeatureDescription\":\"Total Tax Liability\",\"FeatureGroup\":\"LIABILITY\",\"FeatureDataType\":\"numeric\",\"TableName\":\"tax_assm_fact_ods\"},{\"FeatureID\":32,\"FeatureName\":\"tax_exempted_income\",\"FeatureDescription\":\"Non-taxable profits\",\"FeatureGroup\":\"INCOME\",\"FeatureDataType\":\"numeric\",\"TableName\":\"financialfact_ods\"},{\"FeatureID\":62,\"FeatureName\":\"state\",\"FeatureDescription\":\"State Code\",\"FeatureGroup\":\"CODE\",\"FeatureDataType\":\"string\",\"TableName\":\"financialfact_ods\"},{\"FeatureID\":63,\"FeatureName\":\"assessment_type\",\"FeatureDescription\":\"Assessment type\",\"FeatureGroup\":\"DIMENSION\",\"FeatureDataType\":\"numeric\",\"TableName\":\"financialfact_ods\"},{\"FeatureID\":64,\"FeatureName\":\"assessment_year\",\"FeatureDescription\":\"Assessment year\",\"FeatureGroup\":\"DIMENSION\",\"FeatureDataType\":\"numeric\",\"TableName\":\"financialfact_ods\"},{\"FeatureID\":65,\"FeatureName\":\"assessment_key\",\"FeatureDescription\":\"Assessment key\",\"FeatureGroup\":\"DIMENSION\",\"FeatureDataType\":\"numeric\",\"TableName\":\"financialfact_ods\"},{\"FeatureID\":66,\"FeatureName\":\"branch_code\",\"FeatureDescription\":\"Branch code\",\"FeatureGroup\":\"DIMENSION\",\"FeatureDataType\":\"numeric\",\"TableName\":\"financialfact_ods\"},{\"FeatureID\":67,\"FeatureName\":\"branch_key\",\"FeatureDescription\":\"Branch key\",\"FeatureGroup\":\"DIMENSION\",\"FeatureDataType\":\"numeric\",\"TableName\":\"financialfact_ods\"},{\"FeatureID\":68,\"FeatureName\":\"taxpayer_key\",\"FeatureDescription\":\"Tax payer key\",\"FeatureGroup\":\"DIMENSION\",\"FeatureDataType\":\"numeric\",\"TableName\":\"financialfact_ods\"},{\"FeatureID\":69,\"FeatureName\":\"business_key\",\"FeatureDescription\":\"Business key\",\"FeatureGroup\":\"DIMENSION\",\"FeatureDataType\":\"numeric\",\"TableName\":\"financialfact_ods\"},{\"FeatureID\":70,\"FeatureName\":\"business_code\",\"FeatureDescription\":\"Business code\",\"FeatureGroup\":\"DIMENSION\",\"FeatureDataType\":\"numeric\",\"TableName\":\"financialfact_ods\"},{\"FeatureID\":71,\"FeatureName\":\"it_ref_no_taxassm_dim\",\"FeatureDescription\":\"It ref no\",\"FeatureGroup\":\"DIMENSION\",\"FeatureDataType\":\"numeric\",\"TableName\":\"financialfact_ods\"},{\"FeatureID\":72,\"FeatureName\":\"seq_no\",\"FeatureDescription\":\"Sequence no\",\"FeatureGroup\":\"DIMENSION\",\"FeatureDataType\":\"numeric\",\"TableName\":\"financialfact_ods\"},{\"FeatureID\":73,\"FeatureName\":\"process_date\",\"FeatureDescription\":\"Process date\",\"FeatureGroup\":\"DIMENSION\",\"FeatureDataType\":\"numeric\",\"TableName\":\"financialfact_ods\"},{\"FeatureID\":74,\"FeatureName\":\"snapshot_date\",\"FeatureDescription\":\"Snap shot date\",\"FeatureGroup\":\"DIMENSION\",\"FeatureDataType\":\"numeric\",\"TableName\":\"financialfact_ods\"},{\"FeatureID\":76,\"FeatureName\":\"main_business_code\",\"FeatureDescription\":\"Industry Code\",\"FeatureGroup\":\"CODE\",\"FeatureDataType\":\"numeric\",\"TableName\":\"financialfact_ods\"}],\"AssesmentYear\":2017}',5),(6,NULL,'In Queue','Spark','{\"ODSQuery\":\"SELECT financialfact_ods.trade_debtors,financialfact_ods.branch_code,financialfact_ods.purchases,financialfact_ods.total_expenses,financialfact_ods.gross_profit,financialfact_ods.loan_to_director,financialfact_ods.trade_creditors,financialfact_ods.gross_sales,financialfact_ods.net_profit_or_loss,financialfact_ods.other_non_sales_income,related_comp_fact_ods.receipt_from_outside_malaysia,financialfact_ods.tax_exempted_income,financialfact_ods.total_current_assets,tax_assm_fact_ods.tax_payable_repayable,financialfact_ods.total_current_liability,financialfact_ods.loan_to_director,related_comp_fact_ods.total_purchase_in_malaysia,related_comp_fact_ods.total_purchase_outside_malaysi,related_comp_fact_ods.total_sales_in_malaysia,financialfact_ods.main_business_code,financialfact_ods.state,financialfact_ods.loan_from_director,financialfact_ods.assessment_type,financialfact_ods.assessment_year,financialfact_ods.assessment_key,financialfact_ods.branch_key,financialfact_ods.taxpayer_key,financialfact_ods.business_key,financialfact_ods.business_code,financialfact_ods.it_ref_no_taxassm_dim,financialfact_ods.seq_no,financialfact_ods.process_date,financialfact_ods.snapshot_date FROM financialfact_ods JOIN related_comp_fact_ods ON financialfact_ods.branch_key = related_comp_fact_ods.branch_key AND financialfact_ods.taxpayer_key = related_comp_fact_ods.taxpayer_key AND financialfact_ods.business_key = related_comp_fact_ods.business_key AND financialfact_ods.assessment_key = related_comp_fact_ods.assessment_key JOIN tax_assm_fact_ods ON financialfact_ods.branch_key = tax_assm_fact_ods.branch_key AND financialfact_ods.taxpayer_key = tax_assm_fact_ods.taxpayer_key AND financialfact_ods.business_key = tax_assm_fact_ods.business_key AND financialfact_ods.assessment_key = tax_assm_fact_ods.assessment_key WHERE financialfact_ods.assessment_year IN 2017 , 2016 , 2015 AND financialfact_ods.file_type = \\u0027C\\u0027 AND financialfact_ods.trade_debtors \\u003e 100000 AND financialfact_ods.gross_profit \\u003e 10000000 AND financialfact_ods.gross_sales \\u003e 10000000 AND financialfact_ods.net_profit_or_loss \\u003e 100000\",\"ProfileID\":6,\"ModelID\":5,\"JobID\":6,\"Ratios\":[{\"RatioID\":1,\"RatioName\":\"RT_EXP_GS\",\"Propotional\":1,\"Features\":[{\"FeatureID\":15,\"FeatureName\":\"total_expenses\",\"FeatureDescription\":\"Total Business Expense\",\"FeatureGroup\":\"EXPENSE\",\"FeatureDataType\":\"numeric\",\"TableName\":\"financialfact_ods\"},{\"FeatureID\":19,\"FeatureName\":\"gross_sales\",\"FeatureDescription\":\"Gross Sales\",\"FeatureGroup\":\"INCOME\",\"FeatureDataType\":\"numeric\",\"TableName\":\"financialfact_ods\"}]},{\"RatioID\":3,\"RatioName\":\"RT_GP_GS\",\"Propotional\":0,\"Features\":[{\"FeatureID\":18,\"FeatureName\":\"gross_profit\",\"FeatureDescription\":\"Gross Profit or Loss\",\"FeatureGroup\":\"INCOME\",\"FeatureDataType\":\"numeric\",\"TableName\":\"financialfact_ods\"},{\"FeatureID\":19,\"FeatureName\":\"gross_sales\",\"FeatureDescription\":\"Gross Sales\",\"FeatureGroup\":\"INCOME\",\"FeatureDataType\":\"numeric\",\"TableName\":\"financialfact_ods\"}]},{\"RatioID\":5,\"RatioName\":\"RT_NP_GS\",\"Propotional\":0,\"Features\":[{\"FeatureID\":20,\"FeatureName\":\"net_profit_or_loss\",\"FeatureDescription\":\"Net Profit or Loss\",\"FeatureGroup\":\"INCOME\",\"FeatureDataType\":\"numeric\",\"TableName\":\"financialfact_ods\"},{\"FeatureID\":19,\"FeatureName\":\"gross_sales\",\"FeatureDescription\":\"Gross Sales\",\"FeatureGroup\":\"INCOME\",\"FeatureDataType\":\"numeric\",\"TableName\":\"financialfact_ods\"}]},{\"RatioID\":19,\"RatioName\":\"RT_LN_INT_EXP\",\"Propotional\":1,\"Features\":[{\"FeatureID\":24,\"FeatureName\":\"loan_from_director\",\"FeatureDescription\":\"Loan from Directors\",\"FeatureGroup\":\"LIABILITY\",\"FeatureDataType\":\"numeric\",\"TableName\":\"financialfact_ods\"},{\"FeatureID\":19,\"FeatureName\":\"gross_sales\",\"FeatureDescription\":\"Gross Sales\",\"FeatureGroup\":\"INCOME\",\"FeatureDataType\":\"numeric\",\"TableName\":\"financialfact_ods\"}]},{\"RatioID\":20,\"RatioName\":\"RT_PUR_IN_MSIA\",\"Propotional\":1,\"Features\":[{\"FeatureID\":61,\"FeatureName\":\"total_purchase_in_malaysia\",\"FeatureDescription\":\"Total purchases fr rel companies in Msia\",\"FeatureGroup\":\"INFORMATIONAL\",\"FeatureDataType\":\"numeric\",\"TableName\":\"related_comp_fact_ods\"},{\"FeatureID\":14,\"FeatureName\":\"purchases\",\"FeatureDescription\":\"Purchases\",\"FeatureGroup\":\"EXPENSE\",\"FeatureDataType\":\"numeric\",\"TableName\":\"financialfact_ods\"}]},{\"RatioID\":21,\"RatioName\":\"RT_PUR_OUT_M\",\"Propotional\":1,\"Features\":[{\"FeatureID\":5,\"FeatureName\":\"total_purchase_outside_malaysi\",\"FeatureDescription\":\"\",\"FeatureGroup\":\"INTERCOMPANY\",\"FeatureDataType\":\"numeric\",\"TableName\":\"related_comp_fact_ods\"},{\"FeatureID\":14,\"FeatureName\":\"purchases\",\"FeatureDescription\":\"Purchases\",\"FeatureGroup\":\"EXPENSE\",\"FeatureDataType\":\"numeric\",\"TableName\":\"financialfact_ods\"}]},{\"RatioID\":22,\"RatioName\":\"RT_REL_SALE_OUT_MSIA\",\"Propotional\":1,\"Features\":[{\"FeatureID\":7,\"FeatureName\":\"receipt_from_outside_malaysia\",\"FeatureDescription\":\"Receipt from related companies outside Msia\",\"FeatureGroup\":\"INTERCOMPANY\",\"FeatureDataType\":\"numeric\",\"TableName\":\"related_comp_fact_ods\"},{\"FeatureID\":19,\"FeatureName\":\"gross_sales\",\"FeatureDescription\":\"Gross Sales\",\"FeatureGroup\":\"INCOME\",\"FeatureDataType\":\"numeric\",\"TableName\":\"financialfact_ods\"}]},{\"RatioID\":23,\"RatioName\":\"RT_REL_SALE_IN_MSIA\",\"Propotional\":1,\"Features\":[{\"FeatureID\":75,\"FeatureName\":\"total_sales_in_malaysia\",\"FeatureDescription\":\"Total sales to related companies in Msia\",\"FeatureGroup\":\"INFORMATIONAL\",\"FeatureDataType\":\"numeric\",\"TableName\":\"related_comp_fact_ods\"},{\"FeatureID\":19,\"FeatureName\":\"gross_sales\",\"FeatureDescription\":\"Gross Sales\",\"FeatureGroup\":\"INCOME\",\"FeatureDataType\":\"numeric\",\"TableName\":\"financialfact_ods\"}]},{\"RatioID\":24,\"RatioName\":\"DF_LOANFR_DIR\",\"Propotional\":1,\"Features\":[{\"FeatureID\":24,\"FeatureName\":\"loan_from_director\",\"FeatureDescription\":\"Loan from Directors\",\"FeatureGroup\":\"LIABILITY\",\"FeatureDataType\":\"numeric\",\"TableName\":\"financialfact_ods\"},{\"FeatureID\":19,\"FeatureName\":\"gross_sales\",\"FeatureDescription\":\"Gross Sales\",\"FeatureGroup\":\"INCOME\",\"FeatureDataType\":\"numeric\",\"TableName\":\"financialfact_ods\"}]},{\"RatioID\":25,\"RatioName\":\"DF_LOANTO_DIR\",\"Propotional\":1,\"Features\":[{\"FeatureID\":19,\"FeatureName\":\"gross_sales\",\"FeatureDescription\":\"Gross Sales\",\"FeatureGroup\":\"INCOME\",\"FeatureDataType\":\"numeric\",\"TableName\":\"financialfact_ods\"},{\"FeatureID\":60,\"FeatureName\":\"loan_to_director\",\"FeatureDescription\":\"Loan to Directors\",\"FeatureGroup\":\"INFORMATIONAL\",\"FeatureDataType\":\"numeric\",\"TableName\":\"financialfact_ods\"}]},{\"RatioID\":26,\"RatioName\":\"ETR\",\"Propotional\":1,\"Features\":[{\"FeatureID\":28,\"FeatureName\":\"tax_payable_repayable\",\"FeatureDescription\":\"Total Tax Liability\",\"FeatureGroup\":\"LIABILITY\",\"FeatureDataType\":\"numeric\",\"TableName\":\"tax_assm_fact_ods\"},{\"FeatureID\":20,\"FeatureName\":\"net_profit_or_loss\",\"FeatureDescription\":\"Net Profit or Loss\",\"FeatureGroup\":\"INCOME\",\"FeatureDataType\":\"numeric\",\"TableName\":\"financialfact_ods\"}]}],\"Features\":[{\"FeatureID\":3,\"FeatureName\":\"trade_debtors\",\"FeatureDescription\":\"Trade Debtors\",\"FeatureGroup\":\"ASSETS\",\"FeatureDataType\":\"numeric\",\"TableName\":\"financialfact_ods\"},{\"FeatureID\":66,\"FeatureName\":\"branch_code\",\"FeatureDescription\":\"Branch code\",\"FeatureGroup\":\"DIMENSION\",\"FeatureDataType\":\"numeric\",\"TableName\":\"financialfact_ods\"},{\"FeatureID\":14,\"FeatureName\":\"purchases\",\"FeatureDescription\":\"Purchases\",\"FeatureGroup\":\"EXPENSE\",\"FeatureDataType\":\"numeric\",\"TableName\":\"financialfact_ods\"},{\"FeatureID\":15,\"FeatureName\":\"total_expenses\",\"FeatureDescription\":\"Total Business Expense\",\"FeatureGroup\":\"EXPENSE\",\"FeatureDataType\":\"numeric\",\"TableName\":\"financialfact_ods\"},{\"FeatureID\":18,\"FeatureName\":\"gross_profit\",\"FeatureDescription\":\"Gross Profit or Loss\",\"FeatureGroup\":\"INCOME\",\"FeatureDataType\":\"numeric\",\"TableName\":\"financialfact_ods\"},{\"FeatureID\":60,\"FeatureName\":\"loan_to_director\",\"FeatureDescription\":\"Loan to Directors\",\"FeatureGroup\":\"INFORMATIONAL\",\"FeatureDataType\":\"numeric\",\"TableName\":\"financialfact_ods\"},{\"FeatureID\":23,\"FeatureName\":\"trade_creditors\",\"FeatureDescription\":\"Trade Creditors\",\"FeatureGroup\":\"LIABILITY\",\"FeatureDataType\":\"numeric\",\"TableName\":\"financialfact_ods\"},{\"FeatureID\":19,\"FeatureName\":\"gross_sales\",\"FeatureDescription\":\"Gross Sales\",\"FeatureGroup\":\"INCOME\",\"FeatureDataType\":\"numeric\",\"TableName\":\"financialfact_ods\"},{\"FeatureID\":20,\"FeatureName\":\"net_profit_or_loss\",\"FeatureDescription\":\"Net Profit or Loss\",\"FeatureGroup\":\"INCOME\",\"FeatureDataType\":\"numeric\",\"TableName\":\"financialfact_ods\"},{\"FeatureID\":29,\"FeatureName\":\"other_non_sales_income\",\"FeatureDescription\":\"Other non Business Income\",\"FeatureGroup\":\"INCOME\",\"FeatureDataType\":\"numeric\",\"TableName\":\"financialfact_ods\"},{\"FeatureID\":7,\"FeatureName\":\"receipt_from_outside_malaysia\",\"FeatureDescription\":\"Receipt from related companies outside Msia\",\"FeatureGroup\":\"INTERCOMPANY\",\"FeatureDataType\":\"numeric\",\"TableName\":\"related_comp_fact_ods\"},{\"FeatureID\":32,\"FeatureName\":\"tax_exempted_income\",\"FeatureDescription\":\"Non-taxable profits\",\"FeatureGroup\":\"INCOME\",\"FeatureDataType\":\"numeric\",\"TableName\":\"financialfact_ods\"},{\"FeatureID\":53,\"FeatureName\":\"total_current_assets\",\"FeatureDescription\":\"Total Current Assets\",\"FeatureGroup\":\"ASSETS\",\"FeatureDataType\":\"numeric\",\"TableName\":\"financialfact_ods\"},{\"FeatureID\":28,\"FeatureName\":\"tax_payable_repayable\",\"FeatureDescription\":\"Total Tax Liability\",\"FeatureGroup\":\"LIABILITY\",\"FeatureDataType\":\"numeric\",\"TableName\":\"tax_assm_fact_ods\"},{\"FeatureID\":36,\"FeatureName\":\"total_current_liability\",\"FeatureDescription\":\"Total Current Liabilities\",\"FeatureGroup\":\"LIABILITY\",\"FeatureDataType\":\"numeric\",\"TableName\":\"financialfact_ods\"},{\"FeatureID\":60,\"FeatureName\":\"loan_to_director\",\"FeatureDescription\":\"Loan to Directors\",\"FeatureGroup\":\"INFORMATIONAL\",\"FeatureDataType\":\"numeric\",\"TableName\":\"financialfact_ods\"},{\"FeatureID\":61,\"FeatureName\":\"total_purchase_in_malaysia\",\"FeatureDescription\":\"Total purchases fr rel companies in Msia\",\"FeatureGroup\":\"INFORMATIONAL\",\"FeatureDataType\":\"numeric\",\"TableName\":\"related_comp_fact_ods\"},{\"FeatureID\":5,\"FeatureName\":\"total_purchase_outside_malaysi\",\"FeatureDescription\":\"\",\"FeatureGroup\":\"INTERCOMPANY\",\"FeatureDataType\":\"numeric\",\"TableName\":\"related_comp_fact_ods\"},{\"FeatureID\":75,\"FeatureName\":\"total_sales_in_malaysia\",\"FeatureDescription\":\"Total sales to related companies in Msia\",\"FeatureGroup\":\"INFORMATIONAL\",\"FeatureDataType\":\"numeric\",\"TableName\":\"related_comp_fact_ods\"},{\"FeatureID\":76,\"FeatureName\":\"main_business_code\",\"FeatureDescription\":\"Industry Code\",\"FeatureGroup\":\"CODE\",\"FeatureDataType\":\"numeric\",\"TableName\":\"financialfact_ods\"},{\"FeatureID\":62,\"FeatureName\":\"state\",\"FeatureDescription\":\"State Code\",\"FeatureGroup\":\"CODE\",\"FeatureDataType\":\"string\",\"TableName\":\"financialfact_ods\"},{\"FeatureID\":24,\"FeatureName\":\"loan_from_director\",\"FeatureDescription\":\"Loan from Directors\",\"FeatureGroup\":\"LIABILITY\",\"FeatureDataType\":\"numeric\",\"TableName\":\"financialfact_ods\"},{\"FeatureID\":63,\"FeatureName\":\"assessment_type\",\"FeatureDescription\":\"Assessment type\",\"FeatureGroup\":\"DIMENSION\",\"FeatureDataType\":\"numeric\",\"TableName\":\"financialfact_ods\"},{\"FeatureID\":64,\"FeatureName\":\"assessment_year\",\"FeatureDescription\":\"Assessment year\",\"FeatureGroup\":\"DIMENSION\",\"FeatureDataType\":\"numeric\",\"TableName\":\"financialfact_ods\"},{\"FeatureID\":65,\"FeatureName\":\"assessment_key\",\"FeatureDescription\":\"Assessment key\",\"FeatureGroup\":\"DIMENSION\",\"FeatureDataType\":\"numeric\",\"TableName\":\"financialfact_ods\"},{\"FeatureID\":67,\"FeatureName\":\"branch_key\",\"FeatureDescription\":\"Branch key\",\"FeatureGroup\":\"DIMENSION\",\"FeatureDataType\":\"numeric\",\"TableName\":\"financialfact_ods\"},{\"FeatureID\":68,\"FeatureName\":\"taxpayer_key\",\"FeatureDescription\":\"Tax payer key\",\"FeatureGroup\":\"DIMENSION\",\"FeatureDataType\":\"numeric\",\"TableName\":\"financialfact_ods\"},{\"FeatureID\":69,\"FeatureName\":\"business_key\",\"FeatureDescription\":\"Business key\",\"FeatureGroup\":\"DIMENSION\",\"FeatureDataType\":\"numeric\",\"TableName\":\"financialfact_ods\"},{\"FeatureID\":70,\"FeatureName\":\"business_code\",\"FeatureDescription\":\"Business code\",\"FeatureGroup\":\"DIMENSION\",\"FeatureDataType\":\"numeric\",\"TableName\":\"financialfact_ods\"},{\"FeatureID\":71,\"FeatureName\":\"it_ref_no_taxassm_dim\",\"FeatureDescription\":\"It ref no\",\"FeatureGroup\":\"DIMENSION\",\"FeatureDataType\":\"numeric\",\"TableName\":\"financialfact_ods\"},{\"FeatureID\":72,\"FeatureName\":\"seq_no\",\"FeatureDescription\":\"Sequence no\",\"FeatureGroup\":\"DIMENSION\",\"FeatureDataType\":\"numeric\",\"TableName\":\"financialfact_ods\"},{\"FeatureID\":73,\"FeatureName\":\"process_date\",\"FeatureDescription\":\"Process date\",\"FeatureGroup\":\"DIMENSION\",\"FeatureDataType\":\"numeric\",\"TableName\":\"financialfact_ods\"},{\"FeatureID\":74,\"FeatureName\":\"snapshot_date\",\"FeatureDescription\":\"Snap shot date\",\"FeatureGroup\":\"DIMENSION\",\"FeatureDataType\":\"numeric\",\"TableName\":\"financialfact_ods\"}],\"AssesmentYear\":2017}',6);
/*!40000 ALTER TABLE `job` ENABLE KEYS */;
UNLOCK TABLES;

--
-- Table structure for table `model`
--

DROP TABLE IF EXISTS `model`;
/*!40101 SET @saved_cs_client     = @@character_set_client */;
/*!40101 SET character_set_client = utf8 */;
CREATE TABLE `model` (
  `ModelID` int(11) NOT NULL AUTO_INCREMENT,
  `ModelName` longtext,
  PRIMARY KEY (`ModelID`)
) ENGINE=InnoDB AUTO_INCREMENT=6 DEFAULT CHARSET=utf8;
/*!40101 SET character_set_client = @saved_cs_client */;

--
-- Dumping data for table `model`
--

LOCK TABLES `model` WRITE;
/*!40000 ALTER TABLE `model` DISABLE KEYS */;
INSERT INTO `model` VALUES (1,'Model (GPNP3 & GPRATIO)'),(2,'Model (OV_DIR)'),(3,'Model (GPNP & EXPTAX)'),(4,'Model (INDNORM)'),(5,'Model (DIRLOINT)');
/*!40000 ALTER TABLE `model` ENABLE KEYS */;
UNLOCK TABLES;

--
-- Table structure for table `modelfeature`
--

DROP TABLE IF EXISTS `modelfeature`;
/*!40101 SET @saved_cs_client     = @@character_set_client */;
/*!40101 SET character_set_client = utf8 */;
CREATE TABLE `modelfeature` (
  `ID` int(11) NOT NULL AUTO_INCREMENT,
  `FeatureID` int(11) NOT NULL,
  `ModelID` int(11) NOT NULL,
  PRIMARY KEY (`ID`)
) ENGINE=InnoDB AUTO_INCREMENT=221 DEFAULT CHARSET=utf8;
/*!40101 SET character_set_client = @saved_cs_client */;

--
-- Dumping data for table `modelfeature`
--

LOCK TABLES `modelfeature` WRITE;
/*!40000 ALTER TABLE `modelfeature` DISABLE KEYS */;
INSERT INTO `modelfeature` VALUES (1,1,1),(2,2,1),(3,3,1),(4,4,1),(5,5,1),(6,6,1),(7,7,1),(8,8,1),(9,9,1),(10,10,1),(11,11,1),(12,12,1),(13,13,1),(14,14,1),(15,15,1),(16,16,1),(17,17,1),(18,18,1),(19,19,1),(20,20,1),(21,21,1),(22,29,1),(23,22,1),(24,23,1),(25,24,1),(26,25,1),(27,26,1),(28,27,1),(29,28,1),(30,32,1),(31,2,2),(32,3,2),(33,10,2),(34,14,2),(35,16,2),(36,18,2),(37,19,2),(38,20,2),(39,21,2),(40,22,2),(41,15,2),(42,24,2),(43,25,2),(44,23,2),(45,26,2),(46,29,2),(47,30,2),(48,31,2),(49,32,2),(50,33,2),(51,34,2),(52,35,2),(53,36,2),(54,2,3),(55,3,3),(56,10,3),(57,11,3),(58,12,3),(59,13,3),(60,14,3),(61,15,3),(62,16,3),(63,18,3),(64,20,3),(65,21,3),(66,29,3),(67,22,3),(68,19,3),(69,25,3),(70,23,3),(71,32,3),(72,37,3),(73,38,3),(74,39,3),(75,26,3),(76,28,3),(77,40,3),(78,41,3),(79,42,3),(80,43,3),(81,44,3),(82,45,3),(83,46,3),(84,47,3),(85,48,3),(86,49,3),(87,50,3),(88,51,3),(89,52,3),(90,1,4),(91,2,4),(92,3,4),(93,9,4),(94,10,4),(95,11,4),(96,12,4),(97,13,4),(98,14,4),(99,15,4),(100,16,4),(101,18,4),(102,19,4),(103,20,4),(104,21,4),(105,22,4),(106,17,4),(107,25,4),(108,23,4),(109,29,4),(110,35,4),(111,37,4),(112,40,4),(113,42,4),(114,43,4),(115,44,4),(116,46,4),(117,48,4),(118,53,4),(119,54,4),(120,55,4),(121,56,4),(122,57,4),(123,58,4),(124,59,4),(125,62,1),(126,62,2),(127,62,3),(128,62,4),(129,63,1),(130,63,2),(131,63,3),(132,63,4),(135,64,1),(136,64,2),(137,64,3),(138,64,4),(139,65,1),(140,65,2),(141,65,3),(142,65,4),(143,66,1),(144,66,2),(145,66,3),(146,66,4),(147,67,1),(148,67,2),(149,67,3),(150,67,4),(151,68,1),(152,68,2),(153,68,3),(154,68,4),(155,69,1),(156,69,2),(157,69,3),(158,69,4),(159,70,1),(160,70,2),(161,70,3),(162,70,4),(163,71,1),(164,71,2),(165,71,3),(166,71,4),(167,72,1),(168,72,2),(169,72,3),(170,72,4),(171,73,1),(172,73,2),(173,73,3),(174,73,4),(175,74,1),(176,74,2),(177,74,3),(178,74,4),(179,3,5),(180,66,5),(181,14,5),(182,15,5),(183,18,5),(184,60,5),(185,23,5),(186,19,5),(187,20,5),(188,29,5),(189,7,5),(190,32,5),(191,53,5),(192,28,5),(193,36,5),(194,60,5),(195,61,5),(196,5,5),(197,75,5),(198,76,5),(199,62,5),(200,24,5),(201,76,1),(202,76,2),(203,76,3),(204,76,4),(205,63,5),(206,64,5),(207,65,5),(208,67,5),(209,68,5),(210,69,5),(211,70,5),(212,71,5),(213,72,5),(214,73,5),(215,74,5),(216,85,1),(217,85,2),(218,85,3),(219,85,4),(220,85,5);
/*!40000 ALTER TABLE `modelfeature` ENABLE KEYS */;
UNLOCK TABLES;

--
-- Table structure for table `modelresultsabt`
--

DROP TABLE IF EXISTS `modelresultsabt`;
/*!40101 SET @saved_cs_client     = @@character_set_client */;
/*!40101 SET character_set_client = utf8 */;
CREATE TABLE `modelresultsabt` (
  `ModelResultAbtID` int(11) NOT NULL AUTO_INCREMENT,
  `Feature` longtext,
  `ProfileID` int(11) NOT NULL,
  `ModelID` int(11) NOT NULL,
  `Value` double NOT NULL,
  `Score` double NOT NULL,
  `Rank` double NOT NULL,
  `AssessmentYear` int(11) NOT NULL,
  `TaxpayerID` longtext,
  PRIMARY KEY (`ModelResultAbtID`)
) ENGINE=InnoDB DEFAULT CHARSET=utf8;
/*!40101 SET character_set_client = @saved_cs_client */;

--
-- Dumping data for table `modelresultsabt`
--

LOCK TABLES `modelresultsabt` WRITE;
/*!40000 ALTER TABLE `modelresultsabt` DISABLE KEYS */;
/*!40000 ALTER TABLE `modelresultsabt` ENABLE KEYS */;
UNLOCK TABLES;

--
-- Table structure for table `profile`
--

DROP TABLE IF EXISTS `profile`;
/*!40101 SET @saved_cs_client     = @@character_set_client */;
/*!40101 SET character_set_client = utf8 */;
CREATE TABLE `profile` (
  `ProfileID` int(11) NOT NULL AUTO_INCREMENT,
  `ProfileName` longtext,
  `ModelID` int(11) NOT NULL,
  `ModelName` longtext,
  `ODSQuery` longtext,
  `FileType` longtext,
  `UserID` int(11) NOT NULL,
  `AssessmentYear` int(11) NOT NULL,
  `JobId` int(11) NOT NULL,
  `BranchCode` longtext,
  `Saved` tinyint(1) NOT NULL,
  `ProfileParametersJson` longtext,
  `StateCode` longtext,
  `BusinessCode` longtext,
  `IsActive` tinyint(1) NOT NULL,
  PRIMARY KEY (`ProfileID`),
  KEY `IX_ModelID` (`ModelID`) USING HASH,
  KEY `IX_UserID` (`UserID`) USING HASH,
  CONSTRAINT `FK_Profile_Model_ModelID` FOREIGN KEY (`ModelID`) REFERENCES `model` (`ModelID`) ON DELETE CASCADE ON UPDATE CASCADE,
  CONSTRAINT `FK_Profile_User_UserID` FOREIGN KEY (`UserID`) REFERENCES `user` (`UserID`) ON DELETE CASCADE ON UPDATE CASCADE
) ENGINE=InnoDB AUTO_INCREMENT=7 DEFAULT CHARSET=utf8;
/*!40101 SET character_set_client = @saved_cs_client */;

--
-- Dumping data for table `profile`
--

LOCK TABLES `profile` WRITE;
/*!40000 ALTER TABLE `profile` DISABLE KEYS */;
INSERT INTO `profile` VALUES (4,'uth',5,'Model (DIRLOINT)','SELECT financialfact_ods.trade_debtors,financialfact_ods.branch_code,financialfact_ods.purchases,financialfact_ods.total_expenses,financialfact_ods.gross_profit,financialfact_ods.loan_to_director,financialfact_ods.trade_creditors,financialfact_ods.gross_sales,financialfact_ods.net_profit_or_loss,financialfact_ods.other_non_sales_income,related_comp_fact_ods.receipt_from_outside_malaysia,financialfact_ods.tax_exempted_income,financialfact_ods.total_current_assets,tax_assm_fact_ods.tax_payable_repayable,financialfact_ods.total_current_liability,financialfact_ods.loan_to_director,related_comp_fact_ods.total_purchase_in_malaysia,related_comp_fact_ods.total_purchase_outside_malaysi,financialfact_ods.total_sales_in_malaysia,financialfact_ods.main_business_code,financialfact_ods.state,financialfact_ods.loan_from_director FROM financialfact_ods JOIN related_comp_fact_ods ON financialfact_ods.branch_key = related_comp_fact_ods.branch_key AND financialfact_ods.taxpayer_key = related_comp_fact_ods.taxpayer_key AND financialfact_ods.business_key = related_comp_fact_ods.business_key AND financialfact_ods.assessment_key = related_comp_fact_ods.assessment_key JOIN tax_assm_fact_ods ON financialfact_ods.branch_key = tax_assm_fact_ods.branch_key AND financialfact_ods.taxpayer_key = tax_assm_fact_ods.taxpayer_key AND financialfact_ods.business_key = tax_assm_fact_ods.business_key AND financialfact_ods.assessment_key = tax_assm_fact_ods.assessment_key WHERE financialfact_ods.assessment_year IN 2017 , 2016 , 2015 AND financialfact_ods.file_type = \'C\'','C',1,2017,4,NULL,0,'{\r\n  \"ModelID\": 5,\r\n  \"ProfileID\": 0,\r\n  \"ModelName\": \"Model (DIRLOINT)\",\r\n  \"UserID\": 1,\r\n  \"Year\": 2017,\r\n  \"FileType\": \"C\",\r\n  \"Features\": [\r\n    {\r\n      \"FeatureName\": \"trade_debtors\",\r\n      \"Filters\": [\r\n        {\r\n          \"Type\": null,\r\n          \"Values\": [\r\n            \"\"\r\n          ]\r\n        }\r\n      ]\r\n    },\r\n    {\r\n      \"FeatureName\": \"purchases\",\r\n      \"Filters\": [\r\n        {\r\n          \"Type\": null,\r\n          \"Values\": [\r\n            \"\"\r\n          ]\r\n        }\r\n      ]\r\n    },\r\n    {\r\n      \"FeatureName\": \"total_expenses\",\r\n      \"Filters\": [\r\n        {\r\n          \"Type\": null,\r\n          \"Values\": [\r\n            \"\"\r\n          ]\r\n        }\r\n      ]\r\n    },\r\n    {\r\n      \"FeatureName\": \"gross_profit\",\r\n      \"Filters\": [\r\n        {\r\n          \"Type\": null,\r\n          \"Values\": [\r\n            \"\"\r\n          ]\r\n        }\r\n      ]\r\n    },\r\n    {\r\n      \"FeatureName\": \"loan_to_director\",\r\n      \"Filters\": [\r\n        {\r\n          \"Type\": null,\r\n          \"Values\": [\r\n            \"\"\r\n          ]\r\n        }\r\n      ]\r\n    },\r\n    {\r\n      \"FeatureName\": \"trade_creditors\",\r\n      \"Filters\": [\r\n        {\r\n          \"Type\": null,\r\n          \"Values\": [\r\n            \"\"\r\n          ]\r\n        }\r\n      ]\r\n    },\r\n    {\r\n      \"FeatureName\": \"gross_sales\",\r\n      \"Filters\": [\r\n        {\r\n          \"Type\": null,\r\n          \"Values\": [\r\n            \"\"\r\n          ]\r\n        }\r\n      ]\r\n    },\r\n    {\r\n      \"FeatureName\": \"net_profit_or_loss\",\r\n      \"Filters\": [\r\n        {\r\n          \"Type\": null,\r\n          \"Values\": [\r\n            \"\"\r\n          ]\r\n        }\r\n      ]\r\n    },\r\n    {\r\n      \"FeatureName\": \"other_non_sales_income\",\r\n      \"Filters\": [\r\n        {\r\n          \"Type\": null,\r\n          \"Values\": [\r\n            \"\"\r\n          ]\r\n        }\r\n      ]\r\n    },\r\n    {\r\n      \"FeatureName\": \"receipt_from_outside_malaysia\",\r\n      \"Filters\": [\r\n        {\r\n          \"Type\": null,\r\n          \"Values\": [\r\n            \"\"\r\n          ]\r\n        }\r\n      ]\r\n    },\r\n    {\r\n      \"FeatureName\": \"tax_exempted_income\",\r\n      \"Filters\": [\r\n        {\r\n          \"Type\": null,\r\n          \"Values\": [\r\n            \"\"\r\n          ]\r\n        }\r\n      ]\r\n    },\r\n    {\r\n      \"FeatureName\": \"total_current_assets\",\r\n      \"Filters\": [\r\n        {\r\n          \"Type\": null,\r\n          \"Values\": [\r\n            \"\"\r\n          ]\r\n        }\r\n      ]\r\n    },\r\n    {\r\n      \"FeatureName\": \"tax_payable_repayable\",\r\n      \"Filters\": [\r\n        {\r\n          \"Type\": null,\r\n          \"Values\": [\r\n            \"\"\r\n          ]\r\n        }\r\n      ]\r\n    },\r\n    {\r\n      \"FeatureName\": \"total_current_liability\",\r\n      \"Filters\": [\r\n        {\r\n          \"Type\": null,\r\n          \"Values\": [\r\n            \"\"\r\n          ]\r\n        }\r\n      ]\r\n    },\r\n    {\r\n      \"FeatureName\": \"loan_to_director\",\r\n      \"Filters\": [\r\n        {\r\n          \"Type\": null,\r\n          \"Values\": [\r\n            \"\"\r\n          ]\r\n        }\r\n      ]\r\n    },\r\n    {\r\n      \"FeatureName\": \"total_purchase_in_malaysia\",\r\n      \"Filters\": [\r\n        {\r\n          \"Type\": null,\r\n          \"Values\": [\r\n            \"\"\r\n          ]\r\n        }\r\n      ]\r\n    },\r\n    {\r\n      \"FeatureName\": \"total_purchase_outside_malaysi\",\r\n      \"Filters\": [\r\n        {\r\n          \"Type\": null,\r\n          \"Values\": [\r\n            \"\"\r\n          ]\r\n        }\r\n      ]\r\n    },\r\n    {\r\n      \"FeatureName\": \"total_sales_in_malaysia\",\r\n      \"Filters\": [\r\n        {\r\n          \"Type\": null,\r\n          \"Values\": [\r\n            \"\"\r\n          ]\r\n        }\r\n      ]\r\n    },\r\n    {\r\n      \"FeatureName\": \"main_business_code\",\r\n      \"Filters\": [\r\n        {\r\n          \"Type\": null,\r\n          \"Values\": [\r\n            \"\"\r\n          ]\r\n        }\r\n      ]\r\n    },\r\n    {\r\n      \"FeatureName\": \"loan_from_director\",\r\n      \"Filters\": [\r\n        {\r\n          \"Type\": null,\r\n          \"Values\": [\r\n            \"\"\r\n          ]\r\n        }\r\n      ]\r\n    }\r\n  ],\r\n  \"ProfileName\": \"uth\",\r\n  \"BranchCode\": null,\r\n  \"StateCode\": null,\r\n  \"BusinessCode\": null,\r\n  \"IsActive\": false\r\n}',NULL,NULL,1),(5,'57t',1,'Model (GPNP3 & GPRATIO)','SELECT financialfact_ods.plant_and_machinery,financialfact_ods.total_assets,financialfact_ods.trade_debtors,related_comp_fact_ods.loans_from_outside_malaysia,related_comp_fact_ods.total_purchase_outside_malaysi,related_comp_fact_ods.other_payment_outside_malaysia,related_comp_fact_ods.receipt_from_outside_malaysia,related_comp_fact_ods.total_sales_outside_malaysia,financialfact_ods.promo_advert_expense,financialfact_ods.cost_of_goods_sold,financialfact_ods.contract_subcon_expense,financialfact_ods.loan_interest_expense,financialfact_ods.non_allow_expense,financialfact_ods.purchases,financialfact_ods.total_expenses,financialfact_ods.opening_stock,financialfact_ods.production_cost,financialfact_ods.gross_profit,financialfact_ods.gross_sales,financialfact_ods.net_profit_or_loss,financialfact_ods.other_business_income,financialfact_ods.other_non_sales_income,financialfact_ods.closing_stock,financialfact_ods.trade_creditors,financialfact_ods.loan_from_director,financialfact_ods.other_creditors,tax_assm_fact_ods.total_tax,tax_assm_fact_ods.total_tax_liability,tax_assm_fact_ods.tax_payable_repayable,financialfact_ods.tax_exempted_income,financialfact_ods.state,financialfact_ods.assessment_type,financialfact_ods.assessment_year,financialfact_ods.assessment_key,financialfact_ods.branch_code,financialfact_ods.branch_key,financialfact_ods.taxpayer_key,financialfact_ods.business_key,financialfact_ods.business_code,financialfact_ods.it_ref_no_taxassm_dim,financialfact_ods.seq_no,financialfact_ods.process_date,financialfact_ods.snapshot_date,financialfact_ods.main_business_code FROM financialfact_ods JOIN related_comp_fact_ods ON financialfact_ods.branch_key = related_comp_fact_ods.branch_key AND financialfact_ods.taxpayer_key = related_comp_fact_ods.taxpayer_key AND financialfact_ods.business_key = related_comp_fact_ods.business_key AND financialfact_ods.assessment_key = related_comp_fact_ods.assessment_key JOIN tax_assm_fact_ods ON financialfact_ods.branch_key = tax_assm_fact_ods.branch_key AND financialfact_ods.taxpayer_key = tax_assm_fact_ods.taxpayer_key AND financialfact_ods.business_key = tax_assm_fact_ods.business_key AND financialfact_ods.assessment_key = tax_assm_fact_ods.assessment_key WHERE financialfact_ods.assessment_year IN 2017 , 2016 , 2015 AND financialfact_ods.file_type = \'C\' AND financialfact_ods.total_assets > 10000000 AND financialfact_ods.gross_profit > 10000000 AND financialfact_ods.gross_sales > 10000000','C',1,2017,5,NULL,0,'{\r\n  \"ModelID\": 1,\r\n  \"ProfileID\": 0,\r\n  \"ModelName\": \"Model (GPNP3 & GPRATIO)\",\r\n  \"UserID\": 1,\r\n  \"Year\": 2017,\r\n  \"FileType\": \"C\",\r\n  \"Features\": [\r\n    {\r\n      \"FeatureName\": \"plant_and_machinery\",\r\n      \"Filters\": [\r\n        {\r\n          \"Type\": null,\r\n          \"Values\": [\r\n            \"\"\r\n          ]\r\n        }\r\n      ]\r\n    },\r\n    {\r\n      \"FeatureName\": \"total_assets\",\r\n      \"Filters\": [\r\n        {\r\n          \"Type\": \"Greater\",\r\n          \"Values\": [\r\n            \"10000000\"\r\n          ]\r\n        }\r\n      ]\r\n    },\r\n    {\r\n      \"FeatureName\": \"trade_debtors\",\r\n      \"Filters\": [\r\n        {\r\n          \"Type\": null,\r\n          \"Values\": [\r\n            \"\"\r\n          ]\r\n        }\r\n      ]\r\n    },\r\n    {\r\n      \"FeatureName\": \"loans_from_outside_malaysia\",\r\n      \"Filters\": [\r\n        {\r\n          \"Type\": null,\r\n          \"Values\": [\r\n            \"\"\r\n          ]\r\n        }\r\n      ]\r\n    },\r\n    {\r\n      \"FeatureName\": \"total_purchase_outside_malaysi\",\r\n      \"Filters\": [\r\n        {\r\n          \"Type\": null,\r\n          \"Values\": [\r\n            \"\"\r\n          ]\r\n        }\r\n      ]\r\n    },\r\n    {\r\n      \"FeatureName\": \"other_payment_outside_malaysia\",\r\n      \"Filters\": [\r\n        {\r\n          \"Type\": null,\r\n          \"Values\": [\r\n            \"\"\r\n          ]\r\n        }\r\n      ]\r\n    },\r\n    {\r\n      \"FeatureName\": \"receipt_from_outside_malaysia\",\r\n      \"Filters\": [\r\n        {\r\n          \"Type\": null,\r\n          \"Values\": [\r\n            \"\"\r\n          ]\r\n        }\r\n      ]\r\n    },\r\n    {\r\n      \"FeatureName\": \"total_sales_outside_malaysia\",\r\n      \"Filters\": [\r\n        {\r\n          \"Type\": null,\r\n          \"Values\": [\r\n            \"\"\r\n          ]\r\n        }\r\n      ]\r\n    },\r\n    {\r\n      \"FeatureName\": \"promo_advert_expense\",\r\n      \"Filters\": [\r\n        {\r\n          \"Type\": null,\r\n          \"Values\": [\r\n            \"\"\r\n          ]\r\n        }\r\n      ]\r\n    },\r\n    {\r\n      \"FeatureName\": \"cost_of_goods_sold\",\r\n      \"Filters\": [\r\n        {\r\n          \"Type\": null,\r\n          \"Values\": [\r\n            \"\"\r\n          ]\r\n        }\r\n      ]\r\n    },\r\n    {\r\n      \"FeatureName\": \"contract_subcon_expense\",\r\n      \"Filters\": [\r\n        {\r\n          \"Type\": null,\r\n          \"Values\": [\r\n            \"\"\r\n          ]\r\n        }\r\n      ]\r\n    },\r\n    {\r\n      \"FeatureName\": \"loan_interest_expense\",\r\n      \"Filters\": [\r\n        {\r\n          \"Type\": null,\r\n          \"Values\": [\r\n            \"\"\r\n          ]\r\n        }\r\n      ]\r\n    },\r\n    {\r\n      \"FeatureName\": \"non_allow_expense\",\r\n      \"Filters\": [\r\n        {\r\n          \"Type\": null,\r\n          \"Values\": [\r\n            \"\"\r\n          ]\r\n        }\r\n      ]\r\n    },\r\n    {\r\n      \"FeatureName\": \"purchases\",\r\n      \"Filters\": [\r\n        {\r\n          \"Type\": null,\r\n          \"Values\": [\r\n            \"\"\r\n          ]\r\n        }\r\n      ]\r\n    },\r\n    {\r\n      \"FeatureName\": \"total_expenses\",\r\n      \"Filters\": [\r\n        {\r\n          \"Type\": null,\r\n          \"Values\": [\r\n            \"\"\r\n          ]\r\n        }\r\n      ]\r\n    },\r\n    {\r\n      \"FeatureName\": \"opening_stock\",\r\n      \"Filters\": [\r\n        {\r\n          \"Type\": null,\r\n          \"Values\": [\r\n            \"\"\r\n          ]\r\n        }\r\n      ]\r\n    },\r\n    {\r\n      \"FeatureName\": \"production_cost\",\r\n      \"Filters\": [\r\n        {\r\n          \"Type\": null,\r\n          \"Values\": [\r\n            \"\"\r\n          ]\r\n        }\r\n      ]\r\n    },\r\n    {\r\n      \"FeatureName\": \"gross_profit\",\r\n      \"Filters\": [\r\n        {\r\n          \"Type\": \"Greater\",\r\n          \"Values\": [\r\n            \"10000000\"\r\n          ]\r\n        }\r\n      ]\r\n    },\r\n    {\r\n      \"FeatureName\": \"gross_sales\",\r\n      \"Filters\": [\r\n        {\r\n          \"Type\": \"Greater\",\r\n          \"Values\": [\r\n            \"10000000\"\r\n          ]\r\n        }\r\n      ]\r\n    },\r\n    {\r\n      \"FeatureName\": \"net_profit_or_loss\",\r\n      \"Filters\": [\r\n        {\r\n          \"Type\": null,\r\n          \"Values\": [\r\n            \"\"\r\n          ]\r\n        }\r\n      ]\r\n    },\r\n    {\r\n      \"FeatureName\": \"other_business_income\",\r\n      \"Filters\": [\r\n        {\r\n          \"Type\": null,\r\n          \"Values\": [\r\n            \"\"\r\n          ]\r\n        }\r\n      ]\r\n    },\r\n    {\r\n      \"FeatureName\": \"other_non_sales_income\",\r\n      \"Filters\": [\r\n        {\r\n          \"Type\": null,\r\n          \"Values\": [\r\n            \"\"\r\n          ]\r\n        }\r\n      ]\r\n    },\r\n    {\r\n      \"FeatureName\": \"closing_stock\",\r\n      \"Filters\": [\r\n        {\r\n          \"Type\": null,\r\n          \"Values\": [\r\n            \"\"\r\n          ]\r\n        }\r\n      ]\r\n    },\r\n    {\r\n      \"FeatureName\": \"trade_creditors\",\r\n      \"Filters\": [\r\n        {\r\n          \"Type\": null,\r\n          \"Values\": [\r\n            \"\"\r\n          ]\r\n        }\r\n      ]\r\n    },\r\n    {\r\n      \"FeatureName\": \"loan_from_director\",\r\n      \"Filters\": [\r\n        {\r\n          \"Type\": null,\r\n          \"Values\": [\r\n            \"\"\r\n          ]\r\n        }\r\n      ]\r\n    },\r\n    {\r\n      \"FeatureName\": \"other_creditors\",\r\n      \"Filters\": [\r\n        {\r\n          \"Type\": null,\r\n          \"Values\": [\r\n            \"\"\r\n          ]\r\n        }\r\n      ]\r\n    },\r\n    {\r\n      \"FeatureName\": \"total_tax\",\r\n      \"Filters\": [\r\n        {\r\n          \"Type\": null,\r\n          \"Values\": [\r\n            \"\"\r\n          ]\r\n        }\r\n      ]\r\n    },\r\n    {\r\n      \"FeatureName\": \"total_tax_liability\",\r\n      \"Filters\": [\r\n        {\r\n          \"Type\": null,\r\n          \"Values\": [\r\n            \"\"\r\n          ]\r\n        }\r\n      ]\r\n    },\r\n    {\r\n      \"FeatureName\": \"tax_payable_repayable\",\r\n      \"Filters\": [\r\n        {\r\n          \"Type\": null,\r\n          \"Values\": [\r\n            \"\"\r\n          ]\r\n        }\r\n      ]\r\n    },\r\n    {\r\n      \"FeatureName\": \"tax_exempted_income\",\r\n      \"Filters\": [\r\n        {\r\n          \"Type\": null,\r\n          \"Values\": [\r\n            \"\"\r\n          ]\r\n        }\r\n      ]\r\n    },\r\n    {\r\n      \"FeatureName\": \"assessment_type\",\r\n      \"Filters\": [\r\n        {\r\n          \"Type\": null,\r\n          \"Values\": [\r\n            \"\"\r\n          ]\r\n        }\r\n      ]\r\n    },\r\n    {\r\n      \"FeatureName\": \"assessment_year\",\r\n      \"Filters\": [\r\n        {\r\n          \"Type\": null,\r\n          \"Values\": [\r\n            \"\"\r\n          ]\r\n        }\r\n      ]\r\n    },\r\n    {\r\n      \"FeatureName\": \"assessment_key\",\r\n      \"Filters\": [\r\n        {\r\n          \"Type\": null,\r\n          \"Values\": [\r\n            \"\"\r\n          ]\r\n        }\r\n      ]\r\n    },\r\n    {\r\n      \"FeatureName\": \"branch_key\",\r\n      \"Filters\": [\r\n        {\r\n          \"Type\": null,\r\n          \"Values\": [\r\n            \"\"\r\n          ]\r\n        }\r\n      ]\r\n    },\r\n    {\r\n      \"FeatureName\": \"taxpayer_key\",\r\n      \"Filters\": [\r\n        {\r\n          \"Type\": null,\r\n          \"Values\": [\r\n            \"\"\r\n          ]\r\n        }\r\n      ]\r\n    },\r\n    {\r\n      \"FeatureName\": \"business_key\",\r\n      \"Filters\": [\r\n        {\r\n          \"Type\": null,\r\n          \"Values\": [\r\n            \"\"\r\n          ]\r\n        }\r\n      ]\r\n    },\r\n    {\r\n      \"FeatureName\": \"business_code\",\r\n      \"Filters\": [\r\n        {\r\n          \"Type\": null,\r\n          \"Values\": [\r\n            \"\"\r\n          ]\r\n        }\r\n      ]\r\n    },\r\n    {\r\n      \"FeatureName\": \"it_ref_no_taxassm_dim\",\r\n      \"Filters\": [\r\n        {\r\n          \"Type\": null,\r\n          \"Values\": [\r\n            \"\"\r\n          ]\r\n        }\r\n      ]\r\n    },\r\n    {\r\n      \"FeatureName\": \"seq_no\",\r\n      \"Filters\": [\r\n        {\r\n          \"Type\": null,\r\n          \"Values\": [\r\n            \"\"\r\n          ]\r\n        }\r\n      ]\r\n    },\r\n    {\r\n      \"FeatureName\": \"process_date\",\r\n      \"Filters\": [\r\n        {\r\n          \"Type\": null,\r\n          \"Values\": [\r\n            \"\"\r\n          ]\r\n        }\r\n      ]\r\n    },\r\n    {\r\n      \"FeatureName\": \"snapshot_date\",\r\n      \"Filters\": [\r\n        {\r\n          \"Type\": null,\r\n          \"Values\": [\r\n            \"\"\r\n          ]\r\n        }\r\n      ]\r\n    },\r\n    {\r\n      \"FeatureName\": \"main_business_code\",\r\n      \"Filters\": [\r\n        {\r\n          \"Type\": null,\r\n          \"Values\": [\r\n            \"\"\r\n          ]\r\n        }\r\n      ]\r\n    }\r\n  ],\r\n  \"ProfileName\": \"57t\",\r\n  \"BranchCode\": null,\r\n  \"StateCode\": null,\r\n  \"BusinessCode\": null,\r\n  \"IsActive\": false\r\n}',NULL,NULL,1),(6,'gh',5,'Model (DIRLOINT)','SELECT financialfact_ods.trade_debtors,financialfact_ods.branch_code,financialfact_ods.purchases,financialfact_ods.total_expenses,financialfact_ods.gross_profit,financialfact_ods.loan_to_director,financialfact_ods.trade_creditors,financialfact_ods.gross_sales,financialfact_ods.net_profit_or_loss,financialfact_ods.other_non_sales_income,related_comp_fact_ods.receipt_from_outside_malaysia,financialfact_ods.tax_exempted_income,financialfact_ods.total_current_assets,tax_assm_fact_ods.tax_payable_repayable,financialfact_ods.total_current_liability,financialfact_ods.loan_to_director,related_comp_fact_ods.total_purchase_in_malaysia,related_comp_fact_ods.total_purchase_outside_malaysi,related_comp_fact_ods.total_sales_in_malaysia,financialfact_ods.main_business_code,financialfact_ods.state,financialfact_ods.loan_from_director,financialfact_ods.assessment_type,financialfact_ods.assessment_year,financialfact_ods.assessment_key,financialfact_ods.branch_key,financialfact_ods.taxpayer_key,financialfact_ods.business_key,financialfact_ods.business_code,financialfact_ods.it_ref_no_taxassm_dim,financialfact_ods.seq_no,financialfact_ods.process_date,financialfact_ods.snapshot_date FROM financialfact_ods JOIN related_comp_fact_ods ON financialfact_ods.branch_key = related_comp_fact_ods.branch_key AND financialfact_ods.taxpayer_key = related_comp_fact_ods.taxpayer_key AND financialfact_ods.business_key = related_comp_fact_ods.business_key AND financialfact_ods.assessment_key = related_comp_fact_ods.assessment_key JOIN tax_assm_fact_ods ON financialfact_ods.branch_key = tax_assm_fact_ods.branch_key AND financialfact_ods.taxpayer_key = tax_assm_fact_ods.taxpayer_key AND financialfact_ods.business_key = tax_assm_fact_ods.business_key AND financialfact_ods.assessment_key = tax_assm_fact_ods.assessment_key WHERE financialfact_ods.assessment_year IN 2017 , 2016 , 2015 AND financialfact_ods.file_type = \'C\' AND financialfact_ods.trade_debtors > 100000 AND financialfact_ods.gross_profit > 10000000 AND financialfact_ods.gross_sales > 10000000 AND financialfact_ods.net_profit_or_loss > 100000','C',1,2017,6,NULL,0,'{\r\n  \"ModelID\": 5,\r\n  \"ProfileID\": 0,\r\n  \"ModelName\": \"Model (DIRLOINT)\",\r\n  \"UserID\": 1,\r\n  \"Year\": 2017,\r\n  \"FileType\": \"C\",\r\n  \"Features\": [\r\n    {\r\n      \"FeatureName\": \"trade_debtors\",\r\n      \"Filters\": [\r\n        {\r\n          \"Type\": \"Greater\",\r\n          \"Values\": [\r\n            \"100000\"\r\n          ]\r\n        }\r\n      ]\r\n    },\r\n    {\r\n      \"FeatureName\": \"purchases\",\r\n      \"Filters\": [\r\n        {\r\n          \"Type\": null,\r\n          \"Values\": [\r\n            \"\"\r\n          ]\r\n        }\r\n      ]\r\n    },\r\n    {\r\n      \"FeatureName\": \"total_expenses\",\r\n      \"Filters\": [\r\n        {\r\n          \"Type\": null,\r\n          \"Values\": [\r\n            \"\"\r\n          ]\r\n        }\r\n      ]\r\n    },\r\n    {\r\n      \"FeatureName\": \"gross_profit\",\r\n      \"Filters\": [\r\n        {\r\n          \"Type\": \"Greater\",\r\n          \"Values\": [\r\n            \"10000000\"\r\n          ]\r\n        }\r\n      ]\r\n    },\r\n    {\r\n      \"FeatureName\": \"loan_to_director\",\r\n      \"Filters\": [\r\n        {\r\n          \"Type\": null,\r\n          \"Values\": [\r\n            \"\"\r\n          ]\r\n        }\r\n      ]\r\n    },\r\n    {\r\n      \"FeatureName\": \"trade_creditors\",\r\n      \"Filters\": [\r\n        {\r\n          \"Type\": null,\r\n          \"Values\": [\r\n            \"\"\r\n          ]\r\n        }\r\n      ]\r\n    },\r\n    {\r\n      \"FeatureName\": \"gross_sales\",\r\n      \"Filters\": [\r\n        {\r\n          \"Type\": \"Greater\",\r\n          \"Values\": [\r\n            \"10000000\"\r\n          ]\r\n        }\r\n      ]\r\n    },\r\n    {\r\n      \"FeatureName\": \"net_profit_or_loss\",\r\n      \"Filters\": [\r\n        {\r\n          \"Type\": \"Greater\",\r\n          \"Values\": [\r\n            \"100000\"\r\n          ]\r\n        }\r\n      ]\r\n    },\r\n    {\r\n      \"FeatureName\": \"other_non_sales_income\",\r\n      \"Filters\": [\r\n        {\r\n          \"Type\": null,\r\n          \"Values\": [\r\n            \"\"\r\n          ]\r\n        }\r\n      ]\r\n    },\r\n    {\r\n      \"FeatureName\": \"receipt_from_outside_malaysia\",\r\n      \"Filters\": [\r\n        {\r\n          \"Type\": null,\r\n          \"Values\": [\r\n            \"\"\r\n          ]\r\n        }\r\n      ]\r\n    },\r\n    {\r\n      \"FeatureName\": \"tax_exempted_income\",\r\n      \"Filters\": [\r\n        {\r\n          \"Type\": null,\r\n          \"Values\": [\r\n            \"\"\r\n          ]\r\n        }\r\n      ]\r\n    },\r\n    {\r\n      \"FeatureName\": \"total_current_assets\",\r\n      \"Filters\": [\r\n        {\r\n          \"Type\": null,\r\n          \"Values\": [\r\n            \"\"\r\n          ]\r\n        }\r\n      ]\r\n    },\r\n    {\r\n      \"FeatureName\": \"tax_payable_repayable\",\r\n      \"Filters\": [\r\n        {\r\n          \"Type\": null,\r\n          \"Values\": [\r\n            \"\"\r\n          ]\r\n        }\r\n      ]\r\n    },\r\n    {\r\n      \"FeatureName\": \"total_current_liability\",\r\n      \"Filters\": [\r\n        {\r\n          \"Type\": null,\r\n          \"Values\": [\r\n            \"\"\r\n          ]\r\n        }\r\n      ]\r\n    },\r\n    {\r\n      \"FeatureName\": \"loan_to_director\",\r\n      \"Filters\": [\r\n        {\r\n          \"Type\": null,\r\n          \"Values\": [\r\n            \"\"\r\n          ]\r\n        }\r\n      ]\r\n    },\r\n    {\r\n      \"FeatureName\": \"total_purchase_in_malaysia\",\r\n      \"Filters\": [\r\n        {\r\n          \"Type\": null,\r\n          \"Values\": [\r\n            \"\"\r\n          ]\r\n        }\r\n      ]\r\n    },\r\n    {\r\n      \"FeatureName\": \"total_purchase_outside_malaysi\",\r\n      \"Filters\": [\r\n        {\r\n          \"Type\": null,\r\n          \"Values\": [\r\n            \"\"\r\n          ]\r\n        }\r\n      ]\r\n    },\r\n    {\r\n      \"FeatureName\": \"total_sales_in_malaysia\",\r\n      \"Filters\": [\r\n        {\r\n          \"Type\": null,\r\n          \"Values\": [\r\n            \"\"\r\n          ]\r\n        }\r\n      ]\r\n    },\r\n    {\r\n      \"FeatureName\": \"main_business_code\",\r\n      \"Filters\": [\r\n        {\r\n          \"Type\": null,\r\n          \"Values\": [\r\n            \"\"\r\n          ]\r\n        }\r\n      ]\r\n    },\r\n    {\r\n      \"FeatureName\": \"loan_from_director\",\r\n      \"Filters\": [\r\n        {\r\n          \"Type\": null,\r\n          \"Values\": [\r\n            \"\"\r\n          ]\r\n        }\r\n      ]\r\n    },\r\n    {\r\n      \"FeatureName\": \"assessment_type\",\r\n      \"Filters\": [\r\n        {\r\n          \"Type\": null,\r\n          \"Values\": [\r\n            \"\"\r\n          ]\r\n        }\r\n      ]\r\n    },\r\n    {\r\n      \"FeatureName\": \"assessment_year\",\r\n      \"Filters\": [\r\n        {\r\n          \"Type\": null,\r\n          \"Values\": [\r\n            \"\"\r\n          ]\r\n        }\r\n      ]\r\n    },\r\n    {\r\n      \"FeatureName\": \"assessment_key\",\r\n      \"Filters\": [\r\n        {\r\n          \"Type\": null,\r\n          \"Values\": [\r\n            \"\"\r\n          ]\r\n        }\r\n      ]\r\n    },\r\n    {\r\n      \"FeatureName\": \"branch_key\",\r\n      \"Filters\": [\r\n        {\r\n          \"Type\": null,\r\n          \"Values\": [\r\n            \"\"\r\n          ]\r\n        }\r\n      ]\r\n    },\r\n    {\r\n      \"FeatureName\": \"taxpayer_key\",\r\n      \"Filters\": [\r\n        {\r\n          \"Type\": null,\r\n          \"Values\": [\r\n            \"\"\r\n          ]\r\n        }\r\n      ]\r\n    },\r\n    {\r\n      \"FeatureName\": \"business_key\",\r\n      \"Filters\": [\r\n        {\r\n          \"Type\": null,\r\n          \"Values\": [\r\n            \"\"\r\n          ]\r\n        }\r\n      ]\r\n    },\r\n    {\r\n      \"FeatureName\": \"business_code\",\r\n      \"Filters\": [\r\n        {\r\n          \"Type\": null,\r\n          \"Values\": [\r\n            \"\"\r\n          ]\r\n        }\r\n      ]\r\n    },\r\n    {\r\n      \"FeatureName\": \"it_ref_no_taxassm_dim\",\r\n      \"Filters\": [\r\n        {\r\n          \"Type\": null,\r\n          \"Values\": [\r\n            \"\"\r\n          ]\r\n        }\r\n      ]\r\n    },\r\n    {\r\n      \"FeatureName\": \"seq_no\",\r\n      \"Filters\": [\r\n        {\r\n          \"Type\": null,\r\n          \"Values\": [\r\n            \"\"\r\n          ]\r\n        }\r\n      ]\r\n    },\r\n    {\r\n      \"FeatureName\": \"process_date\",\r\n      \"Filters\": [\r\n        {\r\n          \"Type\": null,\r\n          \"Values\": [\r\n            \"\"\r\n          ]\r\n        }\r\n      ]\r\n    },\r\n    {\r\n      \"FeatureName\": \"snapshot_date\",\r\n      \"Filters\": [\r\n        {\r\n          \"Type\": null,\r\n          \"Values\": [\r\n            \"\"\r\n          ]\r\n        }\r\n      ]\r\n    }\r\n  ],\r\n  \"ProfileName\": \"gh\",\r\n  \"BranchCode\": null,\r\n  \"StateCode\": null,\r\n  \"BusinessCode\": null,\r\n  \"IsActive\": false\r\n}',NULL,NULL,1);
/*!40000 ALTER TABLE `profile` ENABLE KEYS */;
UNLOCK TABLES;

--
-- Table structure for table `ratio`
--

DROP TABLE IF EXISTS `ratio`;
/*!40101 SET @saved_cs_client     = @@character_set_client */;
/*!40101 SET character_set_client = utf8 */;
CREATE TABLE `ratio` (
  `RatioID` int(11) NOT NULL AUTO_INCREMENT,
  `RatioName` longtext,
  `Propotional` int(11) NOT NULL,
  `RatioFeature_ID` int(11) DEFAULT NULL,
  PRIMARY KEY (`RatioID`),
  KEY `IX_RatioFeature_ID` (`RatioFeature_ID`) USING HASH,
  CONSTRAINT `FK_Ratio_RatioFeature_RatioFeature_ID` FOREIGN KEY (`RatioFeature_ID`) REFERENCES `ratiofeature` (`ID`)
) ENGINE=InnoDB AUTO_INCREMENT=71 DEFAULT CHARSET=utf8;
/*!40101 SET character_set_client = @saved_cs_client */;

--
-- Dumping data for table `ratio`
--

LOCK TABLES `ratio` WRITE;
/*!40000 ALTER TABLE `ratio` DISABLE KEYS */;
INSERT INTO `ratio` VALUES (1,'RT_EXP_GS',1,NULL),(2,'RT_GP_EXP',0,NULL),(3,'RT_GP_GS',0,NULL),(4,'RT_GS_TOTAST',0,NULL),(5,'RT_NP_GS',0,NULL),(6,'RT_NP_TOTAST',0,NULL),(7,'RT_PRD_GS',1,NULL),(8,'RT_STKTURN',1,NULL),(9,'RT_TRCRT_COS',1,NULL),(10,'RT_TRCRT_PUR',1,NULL),(11,'RT_TRDR_GS',1,NULL),(12,'RT_PUR_GS',1,NULL),(13,'INC_OPPT_B1',1,NULL),(14,'RT_AV_STK',1,NULL),(15,'RT_COGS_GS',1,NULL),(16,'RT_LNFRDR_GS',0,NULL),(17,'RT_GP_TOTAST',0,NULL),(18,'RT_NP_TOTAST',0,NULL),(19,'RT_LN_INT_EXP',1,NULL),(20,'RT_PUR_IN_MSIA',1,NULL),(21,'RT_PUR_OUT_M',1,NULL),(22,'RT_REL_SALE_OUT_MSIA',1,NULL),(23,'RT_REL_SALE_IN_MSIA',1,NULL),(24,'DF_LOANFR_DIR',1,NULL),(25,'DF_LOANTO_DIR',1,NULL),(26,'ETR',1,NULL),(27,'RT_LNFRDR_GS',0,NULL),(28,'RT_FA_TOTAST',0,NULL),(29,'RT_GS_TOTFA',0,NULL),(30,'RT_ADVRT_GS',1,NULL),(31,'RT_CSUBC_GS',1,NULL),(32,'RT_NAEXP_TEX',1,NULL),(33,'RT_NP_INT',0,NULL),(34,'RT_OEX_TOTEX',1,NULL),(35,'RT_OTHEXP_GS',1,NULL),(36,'RT_WAGES_GS',1,NULL),(37,'RT_BADDBT_GS',1,NULL),(38,'RT_CAST_TA',0,NULL),(39,'RT_CLST_CAST',0,NULL),(40,'RT_COM_GS',1,NULL),(41,'RT_LIQUIDITY',0,NULL),(42,'RT_LOAN_EQY',1,NULL),(43,'RT_NALW_GS',0,NULL),(44,'RT_NP_FA',0,NULL),(45,'RT_OTHCR_GS',1,NULL),(46,'RT_OCR_TOTEX',1,NULL),(47,'RT_OTHINC_TI',1,NULL),(48,'RT_RND_GS',1,NULL),(49,'RT_RND_TEX',1,NULL),(50,'RT_ROYLTY_GS',1,NULL),(51,'RT_TOTEX_OCR',1,NULL),(52,'RT_TOTEXP_GS',1,NULL),(53,'RT_TRAVEL_GS',1,NULL),(54,'RT_CAP',0,NULL),(55,'RT_DEBT_EQY',1,NULL),(56,'RT_FA_TOTPRD',1,NULL),(57,'RT_PURPRD_GS',1,NULL),(58,'RT_CA_GS',1,NULL),(59,'RT_CA_TOTFA',1,NULL),(60,'RT_CASH_TCL',0,NULL),(61,'RT_COM_SINC',1,NULL),(62,'RT_FA_TOTINC',1,NULL),(63,'RT_INT_GS',1,NULL),(64,'RT_LTLIB_EQY',1,NULL),(65,'RT_NAINT_TEX',0,NULL),(66,'RT_TINE_TINC',1,NULL),(67,'RT_TINE_NPNL',1,NULL),(68,'RT_TOTCL_EQY',1,NULL),(69,'RT_GS_CAP',0,NULL),(70,'RT_GS_WAGES',0,NULL);
/*!40000 ALTER TABLE `ratio` ENABLE KEYS */;
UNLOCK TABLES;

--
-- Table structure for table `ratiofeature`
--

DROP TABLE IF EXISTS `ratiofeature`;
/*!40101 SET @saved_cs_client     = @@character_set_client */;
/*!40101 SET character_set_client = utf8 */;
CREATE TABLE `ratiofeature` (
  `ID` int(11) NOT NULL AUTO_INCREMENT,
  `RatioID` int(11) NOT NULL,
  `FeatureID` int(11) NOT NULL,
  PRIMARY KEY (`ID`)
) ENGINE=InnoDB AUTO_INCREMENT=152 DEFAULT CHARSET=utf8;
/*!40101 SET character_set_client = @saved_cs_client */;

--
-- Dumping data for table `ratiofeature`
--

LOCK TABLES `ratiofeature` WRITE;
/*!40000 ALTER TABLE `ratiofeature` DISABLE KEYS */;
INSERT INTO `ratiofeature` VALUES (1,1,15),(2,1,19),(3,2,18),(4,2,15),(5,3,18),(6,3,19),(7,4,19),(8,4,2),(9,5,20),(10,5,19),(11,6,20),(12,6,2),(13,7,17),(14,7,19),(15,8,10),(16,8,16),(17,8,22),(18,9,23),(19,9,10),(20,10,23),(21,10,14),(22,11,3),(23,11,19),(24,12,14),(25,12,19),(26,13,20),(27,13,29),(28,14,16),(29,14,22),(30,15,10),(31,15,19),(32,16,24),(33,16,19),(34,17,18),(35,17,2),(36,18,20),(37,18,2),(38,19,24),(39,19,19),(40,20,61),(41,20,14),(42,21,5),(43,21,14),(44,22,7),(45,22,19),(46,23,75),(47,23,19),(48,24,24),(49,24,19),(50,25,19),(51,25,60),(52,26,28),(53,26,20),(54,27,24),(55,27,19),(56,28,46),(57,28,2),(58,29,19),(59,29,46),(60,30,9),(61,30,19),(62,31,11),(63,31,19),(64,32,13),(65,32,15),(66,33,20),(67,33,12),(68,34,48),(69,34,15),(70,35,19),(71,35,48),(72,36,58),(73,36,19),(74,37,40),(75,37,19),(76,38,53),(77,38,2),(78,39,22),(79,39,53),(80,40,47),(81,40,19),(82,41,53),(83,41,36),(84,42,35),(85,42,30),(86,43,13),(87,43,19),(88,44,20),(89,44,46),(90,45,25),(91,45,19),(92,46,25),(93,46,15),(94,47,29),(95,47,31),(96,48,77),(97,48,19),(98,49,77),(99,49,15),(100,50,55),(101,50,19),(102,51,15),(103,51,25),(104,52,15),(105,52,19),(106,53,57),(107,53,19),(108,54,53),(109,54,36),(110,55,25),(111,55,24),(112,55,78),(113,55,79),(114,56,46),(115,56,14),(116,56,17),(117,57,14),(118,57,17),(119,57,19),(120,58,80),(121,58,19),(122,59,80),(123,59,46),(124,60,42),(125,60,36),(126,61,81),(127,61,82),(128,62,46),(129,62,19),(130,62,21),(131,62,29),(132,63,12),(133,63,19),(134,64,83),(135,64,79),(136,65,44),(137,65,60),(138,65,59),(139,65,23),(140,65,12),(141,66,84),(142,66,31),(143,67,84),(144,67,20),(145,68,36),(146,68,79),(147,69,19),(148,69,53),(149,69,36),(150,70,19),(151,70,58);
/*!40000 ALTER TABLE `ratiofeature` ENABLE KEYS */;
UNLOCK TABLES;

--
-- Table structure for table `ratiomodel`
--

DROP TABLE IF EXISTS `ratiomodel`;
/*!40101 SET @saved_cs_client     = @@character_set_client */;
/*!40101 SET character_set_client = utf8 */;
CREATE TABLE `ratiomodel` (
  `id` int(11) NOT NULL AUTO_INCREMENT,
  `RatioID` int(11) NOT NULL,
  `ModelID` int(11) NOT NULL,
  PRIMARY KEY (`id`)
) ENGINE=InnoDB AUTO_INCREMENT=64 DEFAULT CHARSET=utf8;
/*!40101 SET character_set_client = @saved_cs_client */;

--
-- Dumping data for table `ratiomodel`
--

LOCK TABLES `ratiomodel` WRITE;
/*!40000 ALTER TABLE `ratiomodel` DISABLE KEYS */;
INSERT INTO `ratiomodel` VALUES (1,1,1),(2,1,2),(3,1,3),(4,1,5),(5,2,1),(6,2,3),(7,3,1),(8,3,2),(9,3,3),(10,3,4),(11,3,5),(12,4,1),(13,4,2),(14,4,3),(15,5,1),(16,5,2),(17,5,3),(18,5,4),(19,5,5),(20,6,1),(21,6,3),(22,6,4),(23,7,1),(24,7,4),(25,8,1),(26,8,2),(27,8,3),(28,8,4),(29,9,1),(30,10,1),(31,10,3),(32,11,1),(33,11,2),(34,11,3),(35,12,1),(36,12,2),(37,13,1),(38,14,2),(39,14,4),(40,15,2),(41,15,4),(42,16,2),(43,17,3),(46,19,5),(47,20,5),(48,21,5),(49,22,5),(50,23,5),(51,24,5),(52,25,5),(53,26,5),(55,28,4),(56,29,4),(57,30,4),(58,31,4),(59,32,4),(60,33,4),(61,34,4),(62,35,4),(63,36,4);
/*!40000 ALTER TABLE `ratiomodel` ENABLE KEYS */;
UNLOCK TABLES;

--
-- Table structure for table `role`
--

DROP TABLE IF EXISTS `role`;
/*!40101 SET @saved_cs_client     = @@character_set_client */;
/*!40101 SET character_set_client = utf8 */;
CREATE TABLE `role` (
  `RoleID` int(11) NOT NULL AUTO_INCREMENT,
  `RoleName` longtext,
  `User_UserID` int(11) DEFAULT NULL,
  `UserRole_ID` int(11) DEFAULT NULL,
  PRIMARY KEY (`RoleID`),
  KEY `IX_User_UserID` (`User_UserID`) USING HASH,
  KEY `IX_UserRole_ID` (`UserRole_ID`) USING HASH,
  CONSTRAINT `FK_Role_UserRole_UserRole_ID` FOREIGN KEY (`UserRole_ID`) REFERENCES `userrole` (`ID`),
  CONSTRAINT `FK_Role_User_User_UserID` FOREIGN KEY (`User_UserID`) REFERENCES `user` (`UserID`)
) ENGINE=InnoDB AUTO_INCREMENT=3 DEFAULT CHARSET=utf8;
/*!40101 SET character_set_client = @saved_cs_client */;

--
-- Dumping data for table `role`
--

LOCK TABLES `role` WRITE;
/*!40000 ALTER TABLE `role` DISABLE KEYS */;
INSERT INTO `role` VALUES (1,'Admin',1,NULL),(2,'BusinessUser',2,NULL);
/*!40000 ALTER TABLE `role` ENABLE KEYS */;
UNLOCK TABLES;

--
-- Table structure for table `user`
--

DROP TABLE IF EXISTS `user`;
/*!40101 SET @saved_cs_client     = @@character_set_client */;
/*!40101 SET character_set_client = utf8 */;
CREATE TABLE `user` (
  `UserID` int(11) NOT NULL AUTO_INCREMENT,
  `UserType` longtext,
  `Username` longtext,
  `ADID` int(11) NOT NULL,
  `Email` longtext,
  `ContactNumber` longtext,
  `UserRole_ID` int(11) DEFAULT NULL,
  PRIMARY KEY (`UserID`),
  KEY `IX_UserRole_ID` (`UserRole_ID`) USING HASH,
  CONSTRAINT `FK_User_UserRole_UserRole_ID` FOREIGN KEY (`UserRole_ID`) REFERENCES `userrole` (`ID`)
) ENGINE=InnoDB AUTO_INCREMENT=3 DEFAULT CHARSET=utf8;
/*!40101 SET character_set_client = @saved_cs_client */;

--
-- Dumping data for table `user`
--

LOCK TABLES `user` WRITE;
/*!40000 ALTER TABLE `user` DISABLE KEYS */;
INSERT INTO `user` VALUES (1,NULL,'admin',0,NULL,NULL,NULL),(2,NULL,'buser',0,NULL,NULL,NULL);
/*!40000 ALTER TABLE `user` ENABLE KEYS */;
UNLOCK TABLES;

--
-- Table structure for table `userrole`
--

DROP TABLE IF EXISTS `userrole`;
/*!40101 SET @saved_cs_client     = @@character_set_client */;
/*!40101 SET character_set_client = utf8 */;
CREATE TABLE `userrole` (
  `ID` int(11) NOT NULL AUTO_INCREMENT,
  `UserID` int(11) NOT NULL,
  `RoleID` int(11) NOT NULL,
  PRIMARY KEY (`ID`)
) ENGINE=InnoDB AUTO_INCREMENT=3 DEFAULT CHARSET=utf8;
/*!40101 SET character_set_client = @saved_cs_client */;

--
-- Dumping data for table `userrole`
--

LOCK TABLES `userrole` WRITE;
/*!40000 ALTER TABLE `userrole` DISABLE KEYS */;
INSERT INTO `userrole` VALUES (1,1,1),(2,2,2);
/*!40000 ALTER TABLE `userrole` ENABLE KEYS */;
UNLOCK TABLES;
/*!40103 SET TIME_ZONE=@OLD_TIME_ZONE */;

/*!40101 SET SQL_MODE=@OLD_SQL_MODE */;
/*!40014 SET FOREIGN_KEY_CHECKS=@OLD_FOREIGN_KEY_CHECKS */;
/*!40014 SET UNIQUE_CHECKS=@OLD_UNIQUE_CHECKS */;
/*!40101 SET CHARACTER_SET_CLIENT=@OLD_CHARACTER_SET_CLIENT */;
/*!40101 SET CHARACTER_SET_RESULTS=@OLD_CHARACTER_SET_RESULTS */;
/*!40101 SET COLLATION_CONNECTION=@OLD_COLLATION_CONNECTION */;
/*!40111 SET SQL_NOTES=@OLD_SQL_NOTES */;

-- Dump completed on 2019-03-28 13:30:37
